"",name,region,variety,rating,notes
8,12 Linajes Reserva 2012,"Ribera del Duero, Spain",Red Wine,104,"On the nose, a complex predominance of mineral notes in a background of cherry jam combined with a subtle blend of roasted and smoked background. Powerful but with a step of silky and well-balanced tannins that make up a final that feels fatty with mineral and candied aftertaste"
218,Abreu Vineyards Cappella 2010,"Napa Valley, California",Red Wine,98,"Cappella is one of the oldest vineyard sites in St. Helena. Six acres that sit alongside a Catholic cemetery on the west side of town, it was first planted in 1869. In the 1980s the church asked David to tear out the old vines, then he watched as the land lay fallow for close to two decades. When he finally got the chance to replant, he jumped. He'd tasted fruit from Cappella in the 70s. He knew what kind of wine it could make. But that first replant was ill-fated thanks to diseased rootstock, and once again he was ripping out vines. “It took us six years before we had a crop. We could have ignored it, pulled the vines out one by one as they collapsed. But then we'd have all these different ripening patterns, which would impact consistency. It was an easy decision.”"
220,Abreu Vineyards Howell Mountain 2009,"Howell Mountain, Napa Valley, California",Red Wine,98,"As a set of wines, it is hard to surpass the four cuvees from the estate vineyards of David Abreu. As I have written many times in the past, all of these wines are truly world-class efforts that stand alongside proprietary red wines made from Bordeaux varietals from any appellation in the world. "
221,Abreu Vineyards Las Posadas Howell Mountain 2012,"Howell Mountain, Napa Valley, California",Red Wine,99,"At about 2000 feet elevation, Las Posadas sits above the fog line, surrounded by a protected forest of fir and pine. Red Aiken soils are layered over white tufa, and the rocks that littered the site before it was planted now form walls defining the property."
223,Abreu Vineyards Madrona Ranch 1996,"Napa Valley, California",Red Wine,98,Abreu Madrona Ranch is a blend of Cabernet Sauvignon and Cabernet Franc with accents of Merlot and Petit Verdot. The wine is aged in 100% new French oak for two years and receives an addition two years of bottle age prior to release.
227,Abreu Vineyards Madrona Ranch 2005,"Napa Valley, California",Red Wine,98,Abreu Madrona Ranch is a blend of Cabernet Sauvignon and Cabernet Franc with accents of Merlot and Petit Verdot. The wine is aged in 100% new French oak for two years. The wine receives an addition two years of bottle age prior to release.
229,Abreu Vineyards Thorevilos 2009,"Napa Valley, California",Red Wine,98,"The blend for this cuvee is generally an intriguing combination of Cabernet Sauvignon, Cabernet Franc and the rest Petit Verdot with just a tiny dollop of Merlot. "
230,Abreu Vineyards Thorevilos 2012,"Napa Valley, California",Red Wine,99,"Sitting 800 feet above the valley floor, wedged between the St. Helena and Howell Mountain AVAs, Thorevilos doesn't belong to any sub-appellation. “It's an outlier,” David says. When the AVA boundaries were being determined, he could have argued to have it included. “But it wouldn't have made any difference to the vineyard. Or the wine.”"
231,Abreu Vineyards Thorevilos 2014,"Napa Valley, California",Red Wine,97,"Sitting 800 feet above the valley floor, wedged between the St. Helena and Howell Mountain AVAs, Thorevilos doesn't belong to any sub-appellation. ""It's an outlier,” David says. When the AVA boundaries were being determined, he could have argued to have it included. “But it wouldn't have made any difference to the vineyard. Or the wine."""
233,Abreu Vineyards Thorevilos 2015,"Napa Valley, California",Red Wine,97,"Thorevilos was one of David's favorite haunts as a child. There were no vines then. Just pine trees, redwoods, an old olive grove. And a rusted hog wire hanging from a tree—“Hook Man” in Abreu family lore. These days it's the dirt that engrosses him. White tufa that turns to fine powder when you grind it beneath your foot. Tannish soil peppered with orange-brown pebbles. Streaks of dry, red earth. Sitting 800 feet above the valley floor, wedged between the St. Helena and Howell Mountain AVAs, Thorevilos doesn't belong to any sub-appellation. “It's an outlier,” David says. When the AVA boundaries were being determined, he could have argued to have it included. “But it wouldn't have made any difference to the vineyard. Or the wine.” "
494,Agharta Black Label Red 2004,"North Coast, California",Red Wine,98,"Evolved aromas of roasted earth, dried leather and meat jus immediately emerge from the surface of this opaque liquid. Eventually fruit aromas respond to your coaxing and tiny currants, the ripest blackberries and the densest of blue fruits fill out the darker more evolved aromas of leather and tar. The wine is thick and immediately mouth coating with a very richly textured and immensely concentrated sensation of fruit and spice. The secondary aromas of delicate white flowers, black summer truffles and dark roasted coffee highlight the fruit as the wine unfolds in your mouth. This wine isn’t noticeably oaky or excruciatingly tannic or seemingly sweet, it is just all kind of 'there' composed and finely knit together in a very decadent glass of wine. "
497,Agharta Syrah (1.5 Liter Magnum) 2004,"North Coast, California",Red Wine,98,"Evolved aromas of roasted earth, dried leather and meat jus immediately emerge from the surface of this opaque liquid. Eventually fruit aromas respond to your coaxing and tiny currants, the ripest blackberries and the densest of blue fruits fill out the darker more evolved aromas of leather and tar. The wine is thick and immediately mouth coating with a very richly textured and immensely concentrated sensation of fruit and spice. The secondary aromas of delicate white flowers, black summer truffles and dark roasted coffee highlight the fruit as the wine unfolds in your mouth.  This wine isn't noticeably oaky or excruciatingly tannic or seemingly sweet, it is just all kind of 'there' composed and finely knit together in a very decadent glass of wine."
498,Agharta Syrah 2004,"North Coast, California",Red Wine,98,"""Evolved aromas of roasted earth, dried leather and meat jus immediately emerge from the surface of this opaque liquid. Eventually fruit aromas respond to your coaxing and tiny currants, the ripest blackberries and the densest of blue fruits fill out the darker more evolved aromas of leather and tar. The wine is thick and immediately mouth coating with a very richly textured and immensely concentrated sensation of fruit and spice. The secondary aromas of delicate white flowers, black summer truffles and dark roasted coffee highlight the fruit as the wine unfolds in your mouth.  This wine isn't noticeably oaky or excruciatingly tannic or seemingly sweet, it is just all kind of 'there' composed and finely knit together in a very decadent glass of wine."""
586,Alain Voge Cornas Vieilles Vignes 2010,"Cornas, Rhone, France",Red Wine,99,"Cornas ""Les Vieilles Vignes"" comes from Syrah vineyards, more than 30 years old, on decomposed granite slopes, also alled ""gore"". This wine is a lighter style, with some good violet and dark red fruit."
644,Alban Pandora 2006,"Edna Valley, Central Coast, California",Red Wine,97,"White flowers, cloves and mint wrap around layers of plush dark fruit in a sensual, mysterious Grenache of the very highest level. Despite its size, the Pandora is more refined than the straight Grenache. "
645,Alban Pandora 2009,"Edna Valley, Central Coast, California",Red Wine,97,"White flowers, cloves and mint wrap around layers of plush dark fruit in a sensual, mysterious Grenache of the very highest level. Despite its size, the Pandora is more refined than the straight Grenache. "
647,Alban Pandora 2013,"Edna Valley, Central Coast, California",Red Wine,99,"In the myth, Pandora is the first woman- the Greek ‘Eve’.  She is fashioned out of clay and as you know, handed a vessel that she is instructed not to open.  Of course, curiosity forces her to take a look.  In that moment, all the challenges of the world are released- much like the effect of the apple in Eden.  What is all too often overlooked is that Pandora shuts the vessel in time to retain one attribute: Hope.  Naturally as the first woman, she is the source of all hope for mankind.  "
712,Albert Boxler Riesling Grand Cru Brand Kirchberg 2016,"Alsace, France",White Wine,98,"ne whiff of this might make you want to plunge right into the glass. Once the wine hits your tongue... Nope, zingy lemon, delicate white flowers, rich mineral backbone, beautiful mouthwatering finish, incredible length... (though all true) will not come close to summing up the experience of enjoying this wine. How’s “Buy as much as you can get” for a tasting note? It’s a classic!"
714,Albert Boxler Riesling Grand Cru Sommerberg Eckberg 2016,"Alsace, France",White Wine,98,"My favorite Riesling in the store (perhaps ever). Zesty, minerally, intensely aromatic, boundlessly deep—my Alsatian ancestry approves!"
762,Aldo Conterno Granbussia Barolo Riserva 2009,"Barolo, Piedmont, Italy",Red Wine,97,"The Barolo Reserve Granbussia is produced by blending grapes from the oldest vines, from the Romirasco, Cicala, and Colonnello, before fermentation starts, in the following percentages respectively: 70% - 15% - 15%. Naturally these optimal values may vary depending on the year. The Granbussia remains in the cellar for at least 8 years before commercialization. It  is produced exclusively in the best years and in limited quantities. "
772,Alejandro Bulgheroni Lithology Beckstoffer To Kalon Vineyard Cabernet Sauvignon 2016,"Napa Valley, California",Red Wine,97,Alejandro Bulgheroni Estate Lithology is a series of single vineyard and AVA-designated wines made from select sites within Napa Valley. Lithology Beckstoffer To Kalon Vineyard is produced solely from fruit grown in the historic Beckstoffer to Kalon Vineyard planted in 1865 by W.H. Crabb and represents Oakville's famous bench land.
1317,Alvear Pedro Ximenez 1830 Solera (500ML),Spain,,97,"The 1830 Solera is black with shades of chocolate and mahogany. Persistent aromas of cacao, dates, raisins and figs. On the palate it is dense and unctuous, with reminiscence of raisins, dried figs, tobacco and coffee with an everlasting and elegant finish."
1383,Amici Beckstoffer Missouri Hopper Vineyard Cabernet Sauvignon 2016,"Oakville, Napa Valley, California",Red Wine,97,"A gorgeous, fragrant nose of black cherry, plum and dark chocolate is washed with hints of vanilla. The full-throttled palate is reminiscent of blackberry pie along with flavors of concentrated dark fruit and silky chocolate. Hints of clove, cassis and savory herbs pepper throughout the powerful finish."
1384,Amici Beckstoffer To Kalon Vineyard Cabernet Sauvignon 2016,"Oakville, Napa Valley, California",Red Wine,97,"The power of this heritage vineyard lies in its distinct nose with classic To Kalon aromas of clay loam, wet earth and mint. Additional elevated aromatics feature blueberry jam, rhubarb compote, cassis and sweet tobacco. On the palate, the wine is both precise and dense, with soy, menthol, raspberry cordial and black raspberry jam notes. A powerful wine from start to finish, with powdery, chalky tannins and an impressively long finish. "
1525,Anderson's Conn Valley Vineyards Cabernet Sauvignon Estate Reserve 2008,"Napa Valley, California",Red Wine,98,"100% Cabernet Sauvignon, 100% Estate grown."
1534,Anderson's Conn Valley Vineyards Cabernet Sauvignon Reserve (1.5 Liter Magnum) 2008,"Napa Valley, California",Red Wine,98,"100% Cabernet Sauvignon, 100% Estate grown."
1543,Anderson's Conn Valley Vineyards Eloge (1.5 Liter Magnum) 2007,"Napa Valley, California",Red Wine,98,"65% Cabernet Sauvignon, 25% Cabernet Franc, 7% Petit Verdot, 3% Merlot"
1549,Anderson's Conn Valley Vineyards Eloge 2007,"Napa Valley, California",Red Wine,98,"65% Cabernet Sauvignon, 25% Cabernet Franc, 7% Petit Verdot, 3% Merlot"
1552,Anderson's Conn Valley Vineyards Eloge (6.0 Liter Bottle) 2007,"Napa Valley, California",Red Wine,98,"65% Cabernet Sauvignon, 25% Cabernet Franc, 7% Petit Verdot, 3% Merlot. "
1608,Andremily Syrah No. 1 2012,"Santa Barbara, Central Coast, California",Red Wine,97,"The 2012 Andremily No.1 is a 100% delicious Cuvee’ comprised predominantly of Syrah from the Famed White Hawk Vineyard in Cat Canyon, and Larner Vineyard in Ballard Canyon. The Syrah was 5% co-fermented with Viognier, and 70% destemmed. It was bottled after 25 months in French barrique, of which 58% where new. The final cuvee was finished off with a dollop of Mourvedre, serving as the cherry on top."
1609,Andremily Syrah No. 2 (1.5 Liter Magnum) 2013,"Santa Barbara, Central Coast, California",Red Wine,99,"Andremily is excited to share with all of you the 2013 Andremily No.2. The No.2, which similar to the first release, is comprised predominantly of Syrah from the Famed White Hawk Vineyard in Cat Canyon, and Larner Vineyard in Ballard Canyon. The Syrah was 4% co-fermented with Viognier, and includes 35% whole cluster. We included 11% Mourvedre in the final blend, which was bottled after 23 months in French barrique, of which 62% where new."
1610,Andremily Syrah No. 2 2013,"Santa Barbara, Central Coast, California",Red Wine,99,"Andremily is excited to share with all of you the 2013 Andremily No.2. The No.2, which similar to the first release, is comprised predominantly of Syrah from the Famed White Hawk Vineyard in Cat Canyon, and Larner Vineyard in Ballard Canyon. The Syrah was 4% co-fermented with Viognier, and includes 35% whole cluster. We included 11% Mourvedre in the final blend, which was bottled after 23 months in French barrique, of which 62% where new."
1613,Andremily Syrah No. 4 (1.5 Liter Magnum) 2015,"Santa Barbara, Central Coast, California",Red Wine,97,"The incredibly sexy 2015 Andremily No.4. is a blend of 90% Syrah, Co-fermented with 6% Viognier, and finished off with a dash of Mourvedre. No.4 enjoyed 22 months in 70% New French Barrique, and was bottled without fining or filtration. The fruit sources for Andremily No.4 are the White Hawk Vineyard in Cat Canyon, Larner Vineyard in Ballard Canyon, as well as the addition of Watch Hill Vineyard in Alisos Canyon to the blend. this baby sure delivers, offering a rich texture, plenty of classic Syrah spice notes, as well as, bushels of black and blue fruit character."
1614,Andremily Syrah No. 4 2015,"Santa Barbara, Central Coast, California",Red Wine,97,"The incredibly sexy 2015 Andremily No.4. is a blend of 90% Syrah, Co-fermented with 6% Viognier, and finished off with a dash of Mourvedre. No.4 enjoyed 22 months in 70% New French Barrique, and was bottled without fining or filtration. The fruit sources for Andremily No.4 are the White Hawk Vineyard in Cat Canyon, Larner Vineyard in Ballard Canyon, as well as the addition of Watch Hill Vineyard in Alisos Canyon to the blend. this baby sure delivers, offering a rich texture, plenty of classic Syrah spice notes, as well as, bushels of black and blue fruit character."
1615,Andremily Syrah No. 6 2017,"Santa Barbara, Central Coast, California",Red Wine,98,"The 2017 Andremily No.6, is cut from the same cloth as previous wines in the sequence, but perhaps just a touch better. Andremily No.6 is a blend of 92% Syrah, from White Hawk, Larner, Harrison-Clarke, and Watch Hill Vineyards, coupled with 5% Mourvedre, from Alta Mesa, and finished off with just a dab of Viognier. Andremily No.6 is an incredible sexy, rich and full-bodied elixir, that leaps from the glass. Offering bushels of black and blue fruit, scorched earth, and exotic spice. No.6 has a wonderful texture with fine tannins, and plenty of natural acidity to deliver great lift."
1946,Antinori Pian delle Vigne Brunello di Montalcino 1997,"Montalcino, Tuscany, Italy",Red Wine,97,"The latter part of winter and the beginning of Spring were very mild for the time of year and also very dry. This produced early budding - some 10 days earlier than average. In April the temperature suddenly dropped, causing and arrest in growth of the buds. The Summer was very hot and sunny and this weather continued for the whole of September and for the duration of the harvest, which meant that at the time of picking, the grapes were exceptionally healthy and with a high sugar concentration. Overall the 1997 harvest was somewhat less than expected in terms of quantity - but in terms of quality, this is an exceptional vintage, probably even better than the much acclaimed 1990 vintage and one of the greatest of the last fifty years. Full-structured and velvety, with rich perfumes and hints of flowers, vanilla and chocolate."
1963,Antinori Solaia (1.5 Liter Magnum) 1997,"Tuscany, Italy",Red Wine,97,"Intensely fruity and complex with a good structure, well-balanced, with soft tannins and a lingering finish. Displays unmistakable varietal flavor while retaining strong regional character."
1968,Antinori Solaia (1.5 Liter Magnum) 2015,"Tuscany, Italy",Red Wine,98,"The 2015 Solaia is an intense ruby red in color with purple highlights. The nose offers powerful notes of plum jam and berry fruit. Perfectly integrated sensations of chocolate and licorice give way on the finish to hints of fresh mint. Harmonious on the palatewith excellent structure and silky tannins, the wine concludes with an extremely long finish and lingering aftertaste."
1971,Antinori Solaia 1997,"Tuscany, Italy",Red Wine,97,"Intensely fruity and complex with a good structure, well-balanced, with soft tannins and a lingering finish. Displays unmistakable varietal flavor while retaining strong regional character."
1977,Antinori Solaia 2005,"Tuscany, Italy",Red Wine,97,"Solaia, which means the ‘sunny one' in Italian, is a 25-acre south-west facing vineyard that is contiguous to the Tignanello Vineyard in Chianti Classico. Solaia is produced only in exceptional years. It was not produced in the 1980, 1981, 1983, 1984 and 1992 vintages. "
1984,Antinori Solaia 2015,"Tuscany, Italy",Red Wine,98,"The 2015 Solaia is an intense ruby red in color with purple highlights. The nose offers powerful notes of plum jam and berry fruit. Perfectly integrated sensations of chocolate and licorice give way on the finish to hints of fresh mint. Harmonious on the palatewith excellent structure and silky tannins, the wine concludes with an extremely long finish and lingering aftertaste."
1985,Antinori Solaia 2016,"Tuscany, Italy",Red Wine,97,"A ruby red color, 2016 Solaia distinguishes itself with aromatic notes of ripe dark fruit fused with sensations of aromatic herbs and mint; notes of chocolate alternate with spicy suggestions of white pepper. The palate of this red wine is rich with silky tannins. The finish is persistent and indicates optimal aging potential. "
1989,Antinori Solaia (3 Liter Bottle) 2015,"Tuscany, Italy",Red Wine,98,"The 2015 Solaia is an intense ruby red in color with purple highlights. The nose offers powerful notes of plum jam and berry fruit. Perfectly integrated sensations of chocolate and licorice give way on the finish to hints of fresh mint. Harmonious on the palatewith excellent structure and silky tannins, the wine concludes with an extremely long finish and lingering aftertaste."
2165,Araujo Eisele Vineyard Cabernet Sauvignon 2003,"Calistoga, Napa Valley, California",Red Wine,98,"Produced from a small crop of concentrated, ripe berries, this deep and dark wine exhibits an endless bouquet of crushed blackberries and cassis, highlighted by floral nuances of dried lavender and chamomile, and spicy notes of clove and nutmeg. In the mouth, it is a full-bodied, seamless wine, with a juicy mid-palate layered with hazelnuts, mocha, pencil lead and licorice, and a rich, lingering finish of wet granite and fine tannins. "
2181,Araujo Eisele Vineyard Syrah 1994,"Calistoga, Napa Valley, California",Red Wine,98,"This wine's aroma is intensely spicy, full of clove and cinnamon, black tea and smoke. In the mouth the rich flavors of plum, chocolate, toffee and pepper, are deep without heaviness, and the massive but fine silky tannins linger through the long sweet finish. This wine is supple enough to drink now, but will develop in complexity with 5 to 10 years of cellaring."
2547,Arkenstone Estate Red 2015,"Howell Mountain, Napa Valley, California",Red Wine,97,"Ruby red with deep black undertones, this dense yet elegantly focused beauty is a very special expression of the Howell Mountain terroir, and the beautiful 2015 vintage. Cassis, violet, mocha, graphite, and dried tea leaves greet the nose, along with our signature earth, sweet tobacco, and leather. A clean minerality and bright acidity are complemented by dark black cherry, star anise and mocha on the front palate while deep espresso, blackberry cobbler, blueberries, lavender and baking spices roundly fill the mid-palate. Very fine, lush tannins hold the richly dark chocolate, cassis-laden, long velvety finish. This wine is drinking beautifully balanced and youthfully vibrant right now, but will easily lie down for 30+ years."
2626,Arrowood Reserve Speciale Cabernet Sauvignon 1997,"Sonoma Valley, Sonoma County, California",Red Wine,97,"This is a beautiful deep purple and ruby colored wine with incredible depth and flavor. While the nose is complex, with blackberry and plum fruit, spice and notes of cedar in the background, on the palate, the wine spills over with rich blackberry and cherry fruit flavors and cassis. The toasty oak and spice flavors combine to provide a wonderfully pleasing finish."
2682,Artadi Pagos Viejos 2001,"Rioja, Spain",Red Wine,97,"The Artadi estate was created in 1985 by the dynamic visionary winemaker, Juan Carlos Lopez de la Calle. His objective and vision was to seek and nurture the concept that Tempranillo, when cultivated at high altitudes, low-cropped, and from old vines, produces extraordinarily rich, deeply colored, and profound wines. This, coupled with specific barrel treatment (with minor American oak influences) produces one of Rioja's most exciting new wines. Artadi is about purity of deeply extracted fruit with almost Burgundian textures, sheer power, complexity, and startling finesse! The results have have been astounding."
2691,Artadi Vina el Pison 2007,"Rioja, Spain",Red Wine,98,"Deep cherry in color with a vivacious violet rim, the wine has clean aromas of ripe black fruit, English toffee and dark chocolate. On the palate it is complex and meaty with notes of ripe berries, toasted malt and sweet tobacco. A wine with surprising expressiveness that is full of character and personality, it has natural elegance and great propensity for long bottle aging."
2692,Artadi Vina el Pison Riserva 1996,"Rioja, Spain",Red Wine,97,"The wine that hails from this unique vineyard site reflects the expertise of Juan Carlos' ancestors and their passion to keep the spirit of the old-vine Tempranillo alive. The vineyard's unique micro-ecosystem produces a wine that is densely chromatic, deep and complex on the palate with a fresh ripeness and fine, elegant tannins. Containing seductive aromas and a long, lingering finish, this wine has an exclusive character and personality that gives it an exceptional propensity for long bottle aging."
2940,Aubert CIX Vineyard Chardonnay 2014,"Sonoma Coast, Sonoma County, California",White Wine,99,"The 2014 CIX Estate Chardonnay conveys the quintessential hybrid of Sonoma Coast and Grand Cru White Burgundy. CIX’s ethereal blend of subtleties and power are tightly wound into one. Please note the greenish hue on the edge of the glass, which is indicative of the health of the wine. Subtle aromatics of powdered citrus and jasmine are complimented by youthful minerality. The evolution of the wine begins to display more expressive notes of baked pear, straw and fresh herbs. The palate reveals more tension with vin-de-garde acidity. The 2014 CIX is built to age with its combination of power, tension and structure, and will cellar for the next 10 to 15 years. The wine has a slight hazy clarity showing our commitment to minimal intervention winemaking."
2943,Aubert CIX Vineyard Pinot Noir (1.5L Magnum) 2015,"Sonoma Coast, Sonoma County, California",Red Wine,99,"Aubert’s first ever Estate Pinot Noir, the CIX is Grand Cru Aubert.  This Pinot is the winery’s most reminiscent of red Burgundy. This cooler site in Forestville creates an ethereal, delicate, and elegant wine."
2946,Aubert CIX Vineyard Pinot Noir 2015,"Sonoma Coast, Sonoma County, California",Red Wine,99,"Aubert’s first ever Estate Pinot Noir, the CIX is Grand Cru Aubert.  This Pinot is the winery’s most reminiscent of red Burgundy. This cooler site in Forestville creates an ethereal, delicate, and elegant wine."
2951,Aubert Eastside Russian River Chardonnay 2015,"Russian River, Sonoma County, California",White Wine,98,"Eastside is Aubert's only Russian River AVA Chardonnay. Located on a hill overlooking the expanses of the Russian River Valley, these vines grow on the rockiest of sites; a distinguishing aspect of its terroir. The rare Chardonnay clonal selection is matched to this low vigor site, equating to a remarkably powerful, yet delicately elegant wine."
2952,Aubert Eastside Russian River Chardonnay 2017,"Russian River, Sonoma County, California",White Wine,98,"The 2017 Eastside Chardonnay is powerful and opulent. Notes of the stony terroir weave through seductive aromas of lemon zest, apple crumble, and orange blossom. The palate is carried by an integrated acid line complemented by dried apricot and lime dust. The greenish hue on the edge of the glass is indicative of the health of the wine. Expressive and palate-staining, the 2017 Eastside has the energy to drink young for over a decade. The wine is slightly hazy showing our commitment to minimal intervention winemaking."
2953,Aubert Hudson Vineyard Chardonnay (1.5L Magnum) 2015,"Carneros, California",White Wine,98,"The Hudson Vineyard runs along a northern stretch of Carneros soils that are thin and rocky. As a result, these 20-year-old vines struggle to produce even the most modest of crops.   "
2955,Aubert Hudson Vineyard Chardonnay 2015,"Carneros, California",White Wine,98,"The Hudson Vineyard runs along a northern stretch of Carneros soils that are thin and rocky. As a result, these 20-year-old vines struggle to produce even the most modest of crops.   "
2958,Aubert Larry Hyde & Sons Vineyard Chardonnay (1.5 Liter) 2014,"Carneros, California",White Wine,97,"There is a greenish hue on the edge of the glass, which is indicative of the health of the wine. Initially, aromatics of white nectarines and green apple showcase delicate fruits. Secondary aromas evolve with time to form more expressive, complex notes of bergamot, sea air and citrus flowers. The palate is racy, yet rich, with intense gras and oily textures. Layered with extract and acid, the 2014 Larry Hyde & Sons has what it takes to age for the next 10 to 15 years. The wine has a slight hazy clarity showing our commitment to minimal intervention winemaking."
2979,Aubert Powder House Chardonnay 2017,"Sonoma Coast, Sonoma County, California",White Wine,97,"The inaugural 2017 Powder House Chardonnay makes a powerful debut with captivating aromas of ripe peach, green apple, lime powder, and candied lemon peel. The palate is intense and concentrated with lemon cream, citrus spice, and a savory note. This wine is full-bodied and complex with a precision acid backbone leading to a long and persistent finish. There is a healthy greenish hue on the edge of the glass. The wine is slightly hazy showing our commitment to minimal intervention winemaking."
3001,Aubert Sugar Shack Estate Chardonnay (1.5L Magnum) 2014,"Alexander Valley, Sonoma County, California",White Wine,97,"The 2014 Sugar Shack Estate Chardonnay continues to blur the lines between Napa Valley Chardonnay and its Sonoma cousins. Restrained and tightly integrated, the 2014 is the most dynamic bottling yet. Please note the greenish hue on the edge of the glass, which is indicative of the health of the wine. Initial intensities of lemon meringue, candied citrus and dried papaya offer more primary notes. Secondary nuances of honeysuckle, graham cracker and spiced apple offer intrigue and oenological insight. While the palate has exceptional density and concentration, it is laced with refreshing minerality. The wine’s significant palate presence and ample acidity bode well for 7 – 8 years of cellar life. The wine has a slight hazy clarity showing Aubert’s commitment to minimal intervention winemaking."
3004,Aubert Sugar Shack Estate Chardonnay 2014,"Napa Valley, California",White Wine,97,"The 2014 Sugar Shack Estate Chardonnay continues to blur the lines between Napa Valley Chardonnay and its Sonoma cousins. Restrained and tightly integrated, the 2014 is the most dynamic bottling yet. Please note the greenish hue on the edge of the glass, which is indicative of the health of the wine. Initial intensities of lemon meringue, candied citrus and dried papaya offer more primary notes. Secondary nuances of honeysuckle, graham cracker and spiced apple offer intrigue and oenological insight. While the palate has exceptional density and concentration, it is laced with refreshing minerality. The wine’s significant palate presence and ample acidity bode well for 7 – 8 years of cellar life. The wine has a slight hazy clarity showing our commitment to minimal intervention winemaking."
3005,Aubert Sugar Shack Estate Chardonnay 2015,"Napa Valley, California",White Wine,99,"The 2015 Sugar Shack Estate Chardonnay is a wine of immense proportion and is a thrill to drink. Full of brazen character, it astonishingly never crosses the line. Please note the greenish hue on the edge of the glass, which is indicative of the health of the wine. An inviting nose of honeyed citrus, candle wax, florals and a hint of bacon fat. Flavors focus on golden apple juice with baking spice and fennel adding complexity. A creamy texture frames the tasting experience, while the acid wash keeps this liquid confection lively and in check. The 2015 Sugar Shack will probably last a decade, but why wait? The wine is slightly hazy showing their commitment to minimal intervention winemaking."
3006,Aubert Sugar Shack Estate Chardonnay 2017,"Napa Valley, California",White Wine,98,"The 2017 Sugar Shack Estate Chardonnay is a compelling wine. Aromatics of green apple, salted caramel, pecan pie, and honeysuckle intertwine with wafts of exotic citrus oils. Rich and forward on the mouth, the layers of lush orchard fruits are integrated with refined hints of savory spices that saturate the palate a leave a lasting impression. This is a stunning Chardonnay to drink now or hold for 10 years. The wine is slightly hazy showing our commitment to minimal intervention winemaking."
3008,Aubert UV-SL Vineyard Chardonnay (1.5 Liter Magnum) 2012,"Sonoma Coast, Sonoma County, California",White Wine,97,"2012 is one of Aubert's most concentrated and intriguing UV-SL Chardonnays to date. Night harvests and refrigerated trucks were used to ensure the preservation of flavor nuances. Primary fermentation was conducted in barrel and took nearly six months to complete. This long and arduous process results in wines with outstanding freshness, lively aromatics, and telltale nuances that retain site specificity. The 2012 UV-SL Chardonnay was aged in 100% new French oak barrels for 11 months, then carefully racked to tank for three months to clarify and concentrate before being bottle unfined and unfiltered."
3016,Aubert UV-SL Vineyard Pinot Noir 2014,"Sonoma Coast, Sonoma County, California",Red Wine,98,"Aubert most masculine Pinot Noir, the UV-SL is opulent in color, reflecting a tangible fullness across the palate.  The vineyard’s proximity to the ocean is deceptive, as the notably warm climate allows the grapes to reach our optimal ripeness. "
3039,Auguste Clape Cornas 2015,"Cornas, Rhone, France",Red Wine,97,#77 
3136,Avignonesi Vin Santo Occhio di Pernice (375ML half-bottle) 1999,"Tuscany, Italy",,98,"Deep amber in color, this wine shows elements of dark chocolate, dried figs and candied red fruit underlined by smokey, balsamic notes. Occhio di Pernice 1999 is incredibly rich and full on the palate, with hints of juniper berries and typical Mediterranean flora and a lingering, smooth, sweet finish."
3243,Bacio Divino Janzen Beckstoffer To Kalon Cabernet Sauvignon 2014,"Napa Valley, California",Red Wine,97,"Andy Beckstoffer’s To Kalon Vineyard is considered perhaps the best vineyard in all of Napa Valley. Soils, aspect, drainage, meticulous growing practices- all have a part in the remarkability of this site. Wines from this vineyard are renowned for incredible delicacy, finesse and elegance. Bacio Divino's Janzen Beckstoffer To Kalon Cabernet Sauvignon is infused with the vineyard’s signature minerality, red fruit and graphite."
3628,Barnett Vineyards Rattlesnake Cabernet Sauvignon (1.5L Magnum) 2013,"Spring Mountain District, Napa Valley, California",Red Wine,98,"The 2013 Rattlesnake is nearly black in color. The complex nose is very serious in its youth, but after a bit of air the layers of complexity emerge. Blackcurrant puree and fresh blackberries are matched with dark chocolate, crushed violets and coffee grounds. Beautiful underlying aromas of spring rain and volcanic earth begin to emerge. Silky at the beginning the tannins begin to emerge and show the wines youth. Blueberry pie and more dark chocolate are prominent on the palate. The sizeable tannins are in a chalky complex form that are matched by the acidity but scream for cellaring. "
3634,Barnett Vineyards Rattlesnake Cabernet Sauvignon 2013,"Spring Mountain District, Napa Valley, California",Red Wine,98,"The 2013 Rattlesnake is nearly black in color. The complex nose is very serious in its youth, but after a bit of air the layers of complexity emerge. Blackcurrant puree and fresh blackberries are matched with dark chocolate, crushed violets and coffee grounds. Beautiful underlying aromas of spring rain and volcanic earth begin to emerge. Silky at the beginning the tannins begin to emerge and show the wines youth. Blueberry pie and more dark chocolate are prominent on the palate. The sizeable tannins are in a chalky complex form that are matched by the acidity but scream for cellaring. "
3924,Beaux Freres The Upper Terrace Pinot Noir 2012,"Ribbon Ridge, Willamette Valley, Oregon",Red Wine,97,"Gorgeous yet subtle notes of plum, Asian spice, black and blue fruits and forest flora emanate from the perfume. Full-bodied but still holding back, it has great delineation, focus, purity and richness. Some patience will be essential to appreciate the future glories of this very limited cuvée from our steep terraced vineyard. "
4117,Benjamin Romeo Contador 2008,"Rioja, Spain",Red Wine,98,"Benjamin Romeo was the winemaker at the iconic Rioja winery Artadi. After 15 years there, he started Contador, his own personal project, also in the Rioja Alavesa. There he very quickly received international recognition when his 2004 vintage Contador Cuvee was awarded 100 points from The Wine Advocate. Benjamin Romeo's Contador is one of only two Spanish wines ever to receive consecutive 100 point ratings from Robert Parker. The only other wine to achieve a perfect rating is another Eric Solomon Selection, Clos Erasmus, made by Daphne Glorian. Benjamin Romeo's bodega (warehouse) is located at the foot of a clock tower, pictured on the label for Contador. "
4121,Benjamin Romeo Contador (3 Liter Bottle) 2001,"Rioja, Spain",Red Wine,98,Contador is bright and deep garnet in color. Very ripe redand black fruit on the nose overlaid with mineral and herbaltouches reminiscent of aromatic plants which live alongside thevines in our most select vineyards. Notes of high quality wood anddark burnt caramel. Full and smooth in the mouth at first. This isfollowed by a good level of tannin and a refined mouth-wateringfreshness. The finish is long and pleasant.
4122,Benjamin Romeo La Cueva del Contador 2004,"Rioja, Spain",Red Wine,97,"""The 2004 La Cueva del Contador is purple-colored with a splendid nose of espresso roast, scorched earth, black currants, blueberry and chocolate. On the palate the wine is supple and somehow manages to be elegant despite its layers of red and black fruits and extract. Rich and amazingly long, this wine will evolve for a decade and drink well for another 35-40 years."""
4125,Benjamin Romeo La Vina de Andres Romeo 2004,"Rioja, Spain",Red Wine,98,"""There are a mere 200 bottles of the 2004 La Vina de Andres Romeo. This wine is tightly wound and remains an infant developmentally. Nevertheless, all the ingredients for greatness are present but it will take a decade of cellaring for them to be full expressed. This sensational effort should easily drink well for 40-50 years like a great first growth Bordeaux."""
4392,Beringer Nightingale Semillon-Sauvignon Blanc (375ML) 2003,"Napa Valley, California",Collectible,97,"This very special wine offers a golden hue and features aromas of apricot preserve, creme brulee and honey. Rich flavors of butterscotch, stone fruit and spice coat the mouth and linger for a long, luxurious finish. Whether paired with a cheese course or rich dessert, Nightingale is a wonderful way to end a meal."
4417,Beringer Private Reserve Cabernet Sauvignon 2001,"Napa Valley, California",Red Wine,97,"I love the individual expression of terroir in single-vineyard wines, but the opulence, power and grace of Beringer's Private Reserve can only be achieved by blending. Each of our Napa Valley Vineyards, with its own distinct soil, climate and terrain, has specific character that is elevated in the Private Reserves. It's this mosaic of single-vineyards that creates wines of uncommon richness, complexity and concentration."
4638,Betz Family Winery La Cote Patriarche Syrah 2014,"Yakima Valley, Columbia Valley, Washington",Red Wine,98,"The 2014 La Cote Patriarche shows the wine's hallmark traits: a deep black-magenta color, a palate of vibrant blue fruits and subtle aromatic notes of thyme and lavender. For the second season in a row, 500 liter barrels were used to maintain fresh fruit character and lower oak influence. The new concrete fermentation vessels lend roundness to the blend and length to the finish. The result is a brooding and youthful La Cote Patriarche with superb structural integration and fine texture."
4665,Bevan Cellars De Crescenzo/Tench The Impetus 2014,California,Red Wine,97,"The 2014 Impetus is Cabernet Franc from the DeCrescenzo Estate Vineyard and Cabernet Sauvignon from the Tench Vineyard. This is Bevan Cellars' darkest wine in 2014. The Cabernet Franc core is a black hole, which seems to suck light from the air. Dark roasted coffee, anise and spice mingle with the fruit flavors of the Cabernet Sauvignon to give the wine amazing complexity."
4667,Bevan Cellars Harbison Vineyard Cabernet Sauvignon 2014,"Napa Valley, California",Red Wine,99,"The Harbison Cabernet Sauvignon also has great power and intensity that makes for a rock star wine. The plum, cherry and berry flavors bombard you, and then the acidity cleans up the palate and carries a long finish that lasts for almost a minute."
4674,Bevan Cellars Proprietary Red EE Tench Vineyard 2016,"Oakville, Napa Valley, California",Red Wine,98,"The 2016 EE Red Blend combines Cabernet Sauvignon, Cabernet Franc, and Merlot. It has a higher percentage of Cabernet Sauvignon than ever before making it even livelier than the 2013 EE, a vintage which produced some of our most massive wines. The Cabernet Franc provides an amazing violet quality and the Merlot adds a little extra richness. The result is luxurious, intense dark fruit. "
4678,Bevan Cellars Sugarloaf Mountain 2015,"Napa Valley, California",Red Wine,98,"Sugarloaf Mountain Proprietary Red Wine can be described in one word: consistent. Vintage to vintage, the wines are very similar, offering notes of cocoa, espresso, flowers and blackberry. The wine is super round and complex with an incredible finish."
4679,Bevan Cellars Sugarloaf Mountain 2016,"Napa Valley, California",Red Wine,97,"The 2016 Sugarloaf is better than any of the previous vintages. Drop the mic, walk off. Good night. "
4682,Bevan Cellars Tench Vineyard Cabernet Sauvignon 2016,"Oakville, Napa Valley, California",Red Wine,97,Tench Vineyard Cabernet Sauvignon has massive blue fruit qualities. The textures are pure Tench: massive and lively.
4775,Bila-Haut by Michel Chapoutier Occultum Lapidem 2013,"Languedoc, South of France, France",Red Wine,97,"The Occultum Lapidem displays great dark garnet-red color in the glass. The nose is laden with aromas of black fruits, pepper, leather and graphite with hints of shrubs. On the palate, the fleshy quality of the wine is apparent straightaway from the attack. Rich and dense, the wine finishes with balance of fruit and delicate tannins.  "
4943,Blandy's Bual Madeira 1920,Portugal,Collectible,97,"Golden color with golden green tinges at the rim. Intense, exuberant and concentrated bouquet of dried fruits with an aroma of licorice. Notes of wood, toffee and vanilla. Luxurious long finish of dried fruits, spices and tobacco."
4955,Blankiet Paradise Hills Cabernet Sauvignon (1.5 liter) 2002,"Napa Valley, California",Red Wine,98,This wine is sheer power in a silk glove.
4957,Blankiet Paradise Hills Cabernet Sauvignon 2002,"Napa Valley, California",Red Wine,98,"The vineyards, known as Paradise Hills, are stunningly beautiful with gorgeous views of the valley. These Cabernet Sauvignon grapes are  planted on volcanic soil."
4966,Blankiet Paradise Hills Vineyard Proprietary Red 2013,"Yountville, Napa Valley, California",Red Wine,98,"Our Bordeaux Medoc blend of predominantly Cabernet Sauvignon with Merlot, Cabernet Franc and Petit Verdot. This wine is sheer power in a silk glove."
4967,Blankiet Rive Droite Paradise Hills 2012,"Yountville, Napa Valley, California",Red Wine,99,Bordeaux Right Bank style wine. Merlot with a touch of Cabernet Franc. This wine is gorgeously fruit forward with a core of minerality.
5328,Bodegas El Nido El Nido 2004,"Jumilla, Spain",Red Wine,99,"""The consulting winemaker at Bodegas El Nido is Chris Ringland of Barossa Valley fame. Amazingly, the 2004 El Nido is even better. It is 70% Cabernet Sauvignon and 30% Monastrell sourced from the same vineyards as its sibling but from the tenderloin portions, and it received the same oak treatment. Similar in color, the nose offers a beautiful perfume of pain grille, vanilla, forest floor, black currant, and blackberry liqueur. The wine is more elegant on the palate with a velvety texture, layers of spicy black fruits, and great depth and balance. It admirably marries elegance and power. Cellar this fabulous wine for 3-4 years and drink it over the following 10-15."" - The Wine Advocate"
5329,Bodegas El Nido El Nido 2005,"Jumilla, Spain",Red Wine,98,"""Opaque violet. Seductively perfumed bouquet of red and dark berry liqueur, graphite, Asian spices and incense. This saturates every nook and cranny of the palate with flavors of sweet raspberry, boysenberry, candied licorice, cinnamon and vanilla. Impressively fresh for such flavor impact, thanks to gentle tannins and vibrant finishing minerality. A lingering, subtle strawberry quality underscores this wine's impression of elegance over brute force."""
5330,Bodegas El Nido El Nido 2006,"Jumilla, Spain",Red Wine,97,"This red is jam packed with blackberry, black cherry, plum, blueberry, creme de cassis, tobacco, leather, minerals and oak. Powerful, yet refined and well-balanced. "
5812,Bodegas Vega Sicilia Unico Tinto 1998,"Ribera del Duero, Spain",Red Wine,98,"It comes from the oldest vines on the property and in its composition, in addition to tempranillo are cabernet sauvignon and merlot.  Although it is old, it maintains as a lively red wine.  It has an intense ripe cherry color.  Hints of toasted wood notes. "
6088,Bond Melbury (1.5 Liter Magnum) 2013,"Napa Valley, California",Red Wine,97,"The name Melbury is in homage to an historic area in London, where the estate owners reside much of the year. Since its debut with the 1999 vintage, the consistent hallmarks of Melbury have been plush red fruits (currants, bing cherries), redolent with spice and the scent of violets. Elegance and a supple texture define the structure of this wine. The particular exposition of this rocky 7-acre hillside vineyard is southerly overlooking Lake Hennessey, allowing the vines to capture the morning sun yet moderating afternoon temperatures."
6098,Bond Melbury 2013,"Napa Valley, California",Red Wine,97,"The name Melbury is in homage to an historic area in London, where the estate owners reside much of the year. Since its debut with the 1999 vintage, the consistent hallmarks of Melbury have been plush red fruits (currants, bing cherries), redolent with spice and the scent of violets. Elegance and a supple texture define the structure of this wine. The particular exposition of this rocky 7-acre hillside vineyard is southerly overlooking Lake Hennessey, allowing the vines to capture the morning sun yet moderating afternoon temperatures."
6114,Bond Quella (1.5 Liter Magnum) 2012,"Howell Mountain, Napa Valley, California",Red Wine,98,"Making its debut with the 2006 vintage, the name is derived from the German word for a pristine source or an artesian aquifer. This property is steeply sloped facing southwest. The site is an ancient riverbed composed of cobble and rocks interwoven with pockets of tufa (volcanic ash) that were uplifted during the last volcanic activity in the area. Quella displays an almost ethereal quality of blue fruits, graphite, and a vibrant, subtle finish."
6124,Bond St. Eden (1.5 Liter Magnum) 2013,"Oakville, Napa Valley, California",Red Wine,99,"Always seemingly the more forward and showy in the early years, Bond’s 2013 St. Eden has wonderful notes of cedar wood, new saddle leather, Asian plum sauce, blackcurrants, licorice, and a touch of toasty oak. Dense purple in color, full-bodied and voluptuous, this stunner is easily the most approachable of the Bond 2013s."
6134,Bond St. Eden 2013,"Oakville, Napa Valley, California",Red Wine,99,"The red rocky soil of this northfacing site originates from high in the Vaca Mountains. St. Eden, which appeared first in the 2001 vintage, reliably shows great focus, an opulent ""sweet"" center and notes of creme de cassis, dark chocolate, and roasted herbs. Mineral-tinged and broad on the palate, the wine consistently displays fine-grained tannins and a lush concentration."
6277,Booker Vineyard Fracture Syrah 2011,"Paso Robles, Central Coast, California",Red Wine,97,Just over half of our property is planted with Syrah.  We put our best barrels of Syrah into Fracture and then age in 228L Barriques. The name is a tribute to the high content of limestone in our soil.  Limestone causes our vineyard soil to fracture rather than crumble. 
6287,Booker Vineyard My Favorite Neighbor 2013,"Paso Robles, Central Coast, California",Red Wine,99,"A candidate for the wine of the vintage, the inky colored 2013 My Favorite Neighbor Proprietary Blend is a heavenly blend of 37% Cabernet Sauvignon, 34% Petit Verdot and 29% Syrah that spent 18 months in French oak. Thrillingly pure, layered, unctuous and massively concentrated, it exhibits classic notes of blueberries, violets, black raspberries, spice and graphite. These give way to a full-bodied, seamless and layered 2013 that has building tannin, incredible purity of fruit and a blockbuster finish. Give it a year or two and enjoy bottles through 2025."
6288,Booker Vineyard My Favorite Neighbor 2014,"Paso Robles, Central Coast, California",Red Wine,99,"Always one of Booker Vineyard's most popular wines, MFN was aged in French oak for 24 months and is as balanced as it has ever been before. In barrel the Cabernet and Syrah wanted to rear their head and show their ripeness, but the massive Petit Verdot would not allow them. This is reminiscent of one of (my favorite neighbor) Stephan Asseo's legendary Estate Cuvee wines. You will be rewarded for aging this wine 2 years."
6300,Booker Vineyard Ripper Grenache 2014,"Paso Robles, Central Coast, California",Red Wine,98,"Most consider the Ripper to be the most elegant wine Booker Vineyard produces with its delicate red fruits and hints of cherry cola. They partially age the wine in neutral French 500L oak barrels, and the other parts of the wine in concrete tanks. The Ripper is only made in select years when the Grenache crop shows top-quality."
6301,Booker Vineyard Ripper Grenache 2015,"Paso Robles, Central Coast, California",Red Wine,97,"Another Southern Rhone wine, this 100% Grenache is a bowl full of strawberries and raspberries. No new wood, no stems, just pure, unadulterated Grenache that has historically been Booker Vineyard's flagship and one of the few true Grenaches at this level on the market. In 2014 they pushed the envelope by heating at high temps during fermentation and extracting lots of color and tannins. In 2015 they wanted to go back to my traditional style of making a wine that is approachable immediately as opposed to having you wait and cellar."
6309,Booker Vineyard Tempranillo 2014,"Paso Robles, Central Coast, California",Red Wine,99,"As massive and dark as this wine has ever been, this vintage truly screams all things dark with a double espresso shot with firm tannins yet surprising hints of red fruit on the finish. This beast will need at least a year to relax and become consumer friendly."
6316,Booker Vineyard Vertigo 2013,"Paso Robles, Central Coast, California",Red Wine,97,"Holy cow! This wine is a beast. Great fruit, density, length, andstructure. As always, this blend of Grenache, Syrah, and Mourvèdreis made using whole clusters in fermentation. This adds a gorgeousspice and tannin that sets this wine completely apart from allothers. Big and dense like Fracture, but paired with a beautifularray of spices and floral aromatics. Currently it is drinking verytight, like most whole cluster wines, and likely will be bestconsumed in six months to a year's time."
6320,Booker Vineyard Vertigo 24 2012,"Paso Robles, Central Coast, California",Red Wine,97,"With roughly 40% whole cluster, the extended version shows impeccable structure with hints of spice that should make it a perfect pair for upcoming holiday dinners. This wine was aged in once-used 300L hogshead barrels and has a lot of structure and tannin. This is surely a wine that will benefit from an extra six months of aging. "
6790,Branson Coach House Coach House Block Cabernet Sauvignon 2004,"Barossa Valley, Barossa, South Australia, Australia",Red Wine,98,"""A compelling Cabernet Sauvignon, the 2004 Coach House Block was aged in 100% new French Taransaud barrels. Its blue/black/purple color is followed by beautiful aromas of graphite, acacia flowers, blackberries, and creme de cassis. Full-bodied, dense, and rich, this amazing Cabernet admirably demonstrates what heights this varietal can achieve in the Barossa. Cellar it for 3-4 years and enjoy it over the following 2-3 decades."""
7089,Brovia Garblet Sue Barolo 2013,"Barolo, Piedmont, Italy",Red Wine,98,"The tannic and mineral structure of the 2013 elevates the “Garblet Sue” to another level. Initially, the wine is quite generous and pleasant, with somewhat high-toned, red fruits underscored by dark feral and dried-herb notes, but the wine finishes with an edgy acidity and ferocious tannins that are reminiscent of the “Villero”. The complexity and structure of the 2013 “Garblet Sue” is a testament to the seriousness and potential longevity of this classically structured vintage. If you must pull corks on your ‘13s early, this is your best bet, but we recommend you give all of these wines as much time as you can muster."
7124,Bruna Grimaldi Barolo Badarina 2013,"Barolo, Piedmont, Italy",Red Wine,97,"This wine's color is an intense and brilliant garnet with orange highlights. The aroma is ample and intense, with sensations of violets, pepper, raspberries, and dried roses along with the classic notes of tar. The flavor is robust, persistent, and elegant."
7168,Bruno Giacosa Barbaresco Asili Riserva (1.5 Liter Magnum) 2014,"Barbaresco, Piedmont, Italy",Red Wine,97,"Intense red garnet color with orange highlights. Notes of raspberry and wild strawberry are layered with floral aromas of rose and violet. On the palate, good structure is matched with freshness of fruit and sweet, silky tannins. "
7170,Bruno Giacosa Barbaresco Asili Riserva 2014,"Barbaresco, Piedmont, Italy",Red Wine,97,"Intense red garnet color with orange highlights. Notes of raspberry and wild strawberry are layered with floral aromas of rose and violet. On the palate, good structure is matched with freshness of fruit and sweet, silky tannins. "
7172,Bruno Giacosa Barbaresco Asili Riserva (3 Liter) 2014,"Barbaresco, Piedmont, Italy",Red Wine,97,"Intense red garnet color with orange highlights. Notes of raspberry and wild strawberry are layered with floral aromas of rose and violet. On the palate, good structure is matched with freshness of fruit and sweet, silky tannins. "
7208,Bruno Giacosa Barolo Le Rocche del Falletto 2011,"Barolo, Piedmont, Italy",Red Wine,97,"Garnet red color with orange reflections. Ample and complex bouquet with notes recalling truffle and liquorice. In the mouth it feels dry, full and velvety, unfolding a great personality."
7210,Bruno Giacosa Barolo Le Rocche del Falletto Riserva (1.5 Liter Magnum) 2007,"Barolo, Piedmont, Italy",Red Wine,98,"Le Rocche del Falletto Riserva is an intense red garnet color. The bouquet is a very fine and elegant, with violets, orange peel and red fruit notes. In the mouth the wine is structured and wel-balanced with velvety tannins and a long finish."
7214,Bruno Giacosa Barolo Le Rocche del Falletto Riserva 2001,"Barolo, Piedmont, Italy",Red Wine,97,"""Darker and more backward than the Falletto in both its aromas and flavors, Giacosa's staggering 2001 Barolo Riserva Le Rocche del Falletto offers an explosive nose of spices, menthol, minerals, smoke and scorched earth followed by waves of sweet fruit that coat the palate in a potent mix of finesse and sheer power, with fine tannins, and a lingering balsamic note on the finish. This complex, multi-dimensional wine will require considerable patience and will age gracefully for several decades. Made from the oldest vines at Falletto, the 2001 Barolo Riserva Le Rocche del Falletto is another towering achievement from Bruno Giacosa. An Azienda Agricola Falletto di Bruno Giacosa bottling. To be released in 2007. Anticipated maturity: 2013-2031."" - Wine Advocate"
7216,Bruno Giacosa Barolo Le Rocche del Falletto Riserva 2007,"Barolo, Piedmont, Italy",Red Wine,97,"Le Rocche del Falletto Riserva is an intense red garnet color. The bouquet is a very fine and elegant, with violets, orange peel and red fruit notes. In the mouth the wine is structured and wel-balanced with velvety tannins and a long finish."
7217,Bruno Giacosa Barolo Le Rocche del Falletto Riserva 2011,"Barolo, Piedmont, Italy",Red Wine,97,"Garnet red color. Ample, complex and elegant bouquet with reminiscences of rose, ripe fruit, truffle and spices. Its flavour is dry, full, generous, harmonious and velvety. Wine of aristocratic personality that in the best vintages can boast the denomination “Riserva” on the label."
7220,Bruno Giacosa Barolo Le Rocche del Falletto Riserva (3L Dbl Magnum) 2007,"Barolo, Piedmont, Italy",Red Wine,98,"Le Rocche del Falletto Riserva is an intense red garnet color. The bouquet is a very fine and elegant, with violets, orange peel and red fruit notes. In the mouth the wine is structured and wel-balanced with velvety tannins and a long finish."
7263,Bruno Rocca Barbaresco Rabaja 2000,"Barbaresco, Piedmont, Italy",Red Wine,97,"Unbelievable aromas, with rich, ripe plum but also mineral, tobacco and cedar undertones. Full-bodied, with lovely ripe tannins and a unctuous combination of ripe fruit and light toasty oak. Goes on and on. Fabulous. Greatest wine ever from Bruno Rocca. Best after 2007. 1,500 cases made. (JS)"
7272,Bryant Family Cabernet Sauvignon 1994,"Napa Valley, California",Red Wine,97,"The enormously promising, potentially perfect 1994 Cabernet Sauvignon is one of those rare wines that possesses awesome aromatic, flavor, and texture dimensions. Totally dry, it comes across as sweet because of its highly extracted, ripe fruit. Opaque purple/black-colored, with a knock-out nose of black fruit (cassis and black-raspberries), this wine hits the palate with phenomenal concentration that brilliantly manages to be neither heavy nor overbearing. Plenty of velvety tannin is concealed behind the fruit's remarkable intensity. The wine's purity, presence, and finish are unbelievable."
7273,Bryant Family Cabernet Sauvignon 1995,"Napa Valley, California",Red Wine,99,"Bryant Family Vineyard Cabernet Sauvignon is 100% Cabernet Sauvignon made from our 13-acre estate vineyard atop Pritchard Hill, overlooking Lake Hennessey. This first growth vineyard is meticulously farmed by David Abreu, with whom we have worked closely for more than 12 years. A beautiful expression of our unique terroir, this wine is a testament to the dedication of our winemaking and vineyard team who aim to produce the finest wine possible from this site."
7281,Bryant Family Cabernet Sauvignon 2014,"Napa Valley, California",Red Wine,97,"100% Cabernet Sauvignon made from our 13-acre estate vineyard atop Pritchard Hill, overlooking Lake Hennessey. This first growth vineyard is meticulously farmed by David Abreu, with whom we have worked closely for more than 12 years. A beautiful expression of our unique terroir, this wine is a testament to the dedication of our winemaking and vineyard team who aim to produce the finest wine possible from this site. "
7430,Burlotto Barolo Vigneto Monvigliero 2016,"Barolo, Piedmont, Italy",Red Wine,99,"The greatness of Monvigliero lies in its signature aromatics, which are unlike any Barolo. Its astonishingly intense, and instantly recognizable, perfume of wild strawberries, rose petals, cedar and truffle is nothing short of hypnotic. And it could come from no place else on earth. It is the essence of its terroir."
7464,By Farr Sangreal Pinot Noir 2014,"Geelong, Victoria, Australia",Red Wine,97,"Each year the same descriptive notes come to mind for this wine: seductive, perfumed, seamless balance and moreish. It is a site that wavers very little in more difficult vintages and excels in the great ones—this is the backbone of By Farr wines. The alluring characters of this vineyard, combined with red fruits, whole bunch, acidity and oak, have produced a beautifully interwoven expression of site and vintage. That’s what it’s all about."
7562,CADE Howell Mountain Estate Cabernet Sauvignon 2008,"Howell Mountain, Napa Valley, California",Red Wine,98,"We feel that the 2008 CADE Estate Cabernet Sauvignon eclipses our blockbuster 2007, the reasons being that theweather in October 2008 was fantastic with not a drop of rain falling during ripening season and harvest."
8385,Carte Blanche Cabernet Sauvignon 2015,"Oakville, Napa Valley, California",Red Wine,97,"A super complex nose leaps from the glass, showing dark and red fruits, cassis, graphite, and lead pencil layered seamlessly. A broad palate opens to reveal black fruits, hint of red currant, and fresh tobacco leaf, all leading to a mile long silky finish."
8394,Carter Cellars Beckstoffer To Kalon The Three Kings 2013,"Oakville, Napa Valley, California",Red Wine,97,"The Three Kings Beckstoffer To Kalon is crafted from the classic Napa Cabernet clone 7, renown for fruit first profile. It opens up immediately with floral aromatics mixed with dark currants, exotic spices and blue/black fruits. Once again, this To Kalon is noticeably darker and the most virile wine of the Carter Cellar's 2013 offering. Revealing superb balance and concentration it is a successful expression of richness and power - the hallmark of this Beckstoffer To Kalon wine. The pliant mid-palate is composed of firm but sweet tannins which are fully integrated into the plush dark fruit and toasted oak notes. While drinking superb now, give this beautiful wine a few years in the cellar to round out and you’ll be rewarded by mature and developed nuances for 12-18 years to come."
8396,Carter Cellars Cabernet Sauvignon Beckstoffer Las Piedras Vineyard 2014,"Oakville, Napa Valley, California",Red Wine,98,"The wine shows a strikingly dark hue and the nose emits a show stopping rush of blueberry and black fruits. The first taste is an opulent and rich attack on the senses, while the underlying minerality and significant structure result in a muscular but well-balanced Cabernet. A full-bodied mid-palate reveals the finely integrated tannins that lift the overall back bone of the wine into a finish abundant with black and blue fruits, and currants."
8397,Carter Cellars Cabernet Sauvignon Beckstoffer To Kalon The O G 2014,"Oakville, Napa Valley, California",Red Wine,97,"As in the previous years, 2014 was a very good year for the ‘O.G.’ block of Beckstoffer To Kalon. This dense and ethereal Napa Cabernet Sauvignon reveals gorgeous notes of blackberry liqueur, complex floral undertones all matched with an inky deep purple color. Sweet tannins integrate with a plush, persistent and prodigious palate making this a complex wine which expertly showcases Napa Valley terroir. As with prior vintages of this wine, the structure and power of the clone 337 from the Beckstoffer To Kalon Vineyard lends itself well to an extended decant or several years of bottle age to really spread its wings. This wine should hit its prime in 7 to 10 years and continue to age and become more complex for decades"
8496,Casanova di Neri Brunello di Montalcino Cerretalto (1.5 Liter Magnum) 2012,"Montalcino, Tuscany, Italy",Red Wine,98,"The 2012 Cerretalto is a wine with a strong charisma, in which the main traits of every Cerretalto joined together: richness, pleasantness together with freshness and elegance. It shows a very young and brilliant ruby red. The nose is mineral and charismatic, with an intense red fruit melted with chocolate, liquorice and followed by hints of citrus, smoky notes and the unmistakable graphite. Long and wide in the mouth, this wine has a thick and dense tannic texture enhanced by the finesse and silkiness. Endless aftertaste. "
8500,Casanova di Neri Brunello di Montalcino Cerretalto 2004,"Montalcino, Tuscany, Italy",Red Wine,98,"The Brunello di Montalcino Cerretalto is produced from a selection of vineyards situated in the natural amphitheatre by the Asso river. The particular microclimate, the ""terroir"", the low production per vine and the great attention to detail in the winery together produce a well balanced wine with character and good alcohol content. It is only produced when we consider the quality of the grapes harvested to be excellent. It is aged for about 2 years in French oak casks and then for at least 18 months in the bottle."
8505,Casanova di Neri Brunello di Montalcino Cerretalto 2012,"Montalcino, Tuscany, Italy",Red Wine,98,"The 2012 Cerretalto is a wine with a strong charisma, in which the main traits of every Cerretalto joined together: richness, pleasantness together with freshness and elegance. It shows a very young and brilliant ruby red. The nose is mineral and charismatic, with an intense red fruit melted with chocolate, liquorice and followed by hints of citrus, smoky notes and the unmistakable graphite. Long and wide in the mouth, this wine has a thick and dense tannic texture enhanced by the finesse and silkiness. Endless aftertaste.  "
8506,Casanova di Neri Brunello di Montalcino Cerretalto 2013,"Montalcino, Tuscany, Italy",Red Wine,97,"The 2013 vintage best represents the Cerretalto work of art: deepness, intensity, and greatness. Once poured in the glass, it shows a bright ruby red color while the bouquet has unmistakable graphite followed by hints of young and dark red fruits, chocolate and licorice. On the palate, it is immense, thick and elegant at the same time with an incredible and persistent finish. Tannins are perfectly smoothed and integrated. The Cerretalto 2013 has a long life ahead. It should be opened at least 3 hours in advance at the recommended service temperature"
8507,Casanova di Neri Brunello di Montalcino Cerretalto (6 Liter) 2012,"Montalcino, Tuscany, Italy",Red Wine,98,"The 2012 Cerretalto is a wine with a strong charisma, in which the main traits of every Cerretalto are joined together -- richness and pleasantness together with freshness and elegance. It shows a very young and brilliant ruby red. The nose is mineral and charismatic, with intense notes of red fruit melted with chocolate, as well as licorice and hints of citrus, smoke and unmistakable graphite. Long and full on the palate, this wine has a thick and dense tannic texture enhanced by finesse and silkiness. Endless aftertaste. It should be opened 3 hours in advance at the right service temperature (60-63 degrees fahrenheit)."
8645,Castello dei Rampolla d'Alceo 1997,"Tuscany, Italy",Red Wine,97,"The color is a deep purple with the flavor of espresso, sweet melted licorice, black currant jam, tobacco and toasty oak. Full-bodied, with super refined tannins There is great intensity, superb purity, and a finish that lingers for nearly a minute. Perfect with wild meat, chicken, turkey, ham, aged cheese and mushrooms."
9012,Catena Zapata Adrianna Vineyard Malbec 2004,Argentina,Red Wine,97,"""The single-vineyard 2004 Malbec Adrianna Vineyard from the Gualtallary district is inky purple with aromas of wood smoke, pencil lead, game, black cherry, and blackberry liqueur. Opulent, full-flavored, yet remarkably light on its feet, this medium to full-bodied Malbec is all about pleasure. It will certainly evolve for a decade but is hard to resist now. It is a fine test of one's ability to defer immediate gratification. When all is said and done, Catena Zapata is the Argentina winery of reference – the standard of excellence for comparing all others. The brilliant, forward-thinking Nicolas Catena remains in charge, with his daughter, Laura, playing an increasingly large role. The Catena Zapata winery is an essential destination for fans of both architecture and wine in Mendoza. It is hard to believe, given the surge in popularity of Malbec in recent years, that Catena Zapata only began exporting Malbec to the United States in 1994."""
9021,Catena Zapata Adrianna Vineyard River Stones Malbec 2014,"Uco Valley, Mendoza, Argentina",Red Wine,98,"This cuvée takes its name from a small parcel of the Adrianna Vineyard that is completely covered with oval white stones and was the site of an ancient riverbed. The abundant stones provide optimal drainage and extreme temperatures. They absorb heat and moderate the nights, but also function like ice cubes after a very cold night. Stony soil Malbecs tend to be extremely aromatic, rich and luxurious, just like the River Stones Malbec from Adrianna. This wine can be enjoyed young or aged for decades."
9027,Catena Zapata Adrianna White Bones Chardonnay 2013,"Mendoza, Argentina",White Wine,97,"The Catena Zapata White Bones Chardonnay has a bright lemon yellow color in the glass. The nose shows an excellent melange of citrus and white fruit notes with vanilla. The mouthfeel is rich and concentrated, showing ripe pear, apple and apricot flavors with salty notes. The finish shows bright, clean acidity and wonderful length."
9036,Catena Zapata Adrianna White Stones Chardonnay 2016,"Mendoza, Argentina",White Wine,98,"The White Stones Chardonnay has a bright lemon yellow color with gold highlights. Aromas of pears and apples are underscored by notes of vanilla and white flowers and a stony minerality. On the palate, the wine has flavors of baked red apples, Bosc pears, and quince along with notes of creamy vanilla and baking spices. The finish is crisp and bright with a stony minerality that lingers on the palate."
9038,Catena Zapata Argentino Vineyard Malbec 2004,Argentina,Red Wine,98,"""The single-vineyard 2004 Malbec Argentino Vineyard spent 17 months in new French oak. Remarkably fragrant and complex aromatically, it offers up aromas of wood smoke, creosote, pepper, clove, black cherry, and blackberry. Made in a similar, elegant style, it is the most structured of the three single vineyard wines, needing a minimum of a decade of additional cellaring. It should easily prove to be a 25-40 year wine. It is an exceptional achievement in Malbec. When all is said and done, Catena Zapata is the Argentina winery of reference – the standard of excellence for comparing all others. The brilliant, forward-thinking Nicolas Catena remains in charge, with his daughter, Laura, playing an increasingly large role. The Catena Zapata winery is an essential destination for fans of both architecture and wine in Mendoza. It is hard to believe, given the surge in popularity of Malbec in recent years, that Catena Zapata only began exporting Malbec to the United States in 1994."""
9214,Caymus Special Selection Cabernet Sauvignon 1987,California,Red Wine,98,A superlative wine from a great vintage. Aging beautifully with years to go. Very limited.
9246,Cayuse Armada Syrah 2003,"Walla Walla Valley, Columbia Valley, Washington",Red Wine,97,"The wine itself is beautifully perfumed, plush, super-rich, with layers of sweet black and blue fruits."
9270,Cayuse God Only Knows Grenache 2006,"Walla Walla Valley, Columbia Valley, Washington",Red Wine,97,"Intensely fruity on the nose, with spicy flavors that follow and expand across the palate. This has excellent grip and depth, along with balancing acidity and structure. Plum, kirsch and concentrated cherry flavors pop out. It's a wine of refined power."
9337,Celler Cal Pla Mas d'en Compte Planots 2005,"Priorat, Spain",Red Wine,98,"""The 2005 Mas d'En Compte Planots is 50% Garnacha and 50% Carinena from 100+-year-old vines aged in new French oak for 16 months. Purple-colored, the nose is more fruit confit than spice cabinet along with notes of wild blueberry and blackberry. This is followed by a ripe, totally hedonistic wine with extreme length and a decade of cellaring potential. While it will be hard to resist young, patient purchasers will be well rewarded."" - Wine Advocate"
9357,Celler Pasanau El Vell Coster Priorat 2005,"Priorat, Spain",Red Wine,97,"""The 2005 El Vell Coster is 80% old-vine Carinena and 20% Cabernet Sauvignon from Pasanau. Opaque purple-colored, it has an enthralling nose of scorched earth, slate, mushroom, truffle, tar, blueberry, and black cherry. This is followed by an opulent, powerful, loaded wine with great concentration and impeccable balance. It has a decade of cellaring potential and should be at is peak between 2015 and 2030."""
9749,Chappellet Pritchard Hill Estate Vineyard Cabernet Sauvignon (1.5 Liter) 2014,"Napa Valley, California",Red Wine,99,"Notes of blackberry and dark cherry layer with an abundance of sweet oak and spice. Concentrated flavors of sun-soaked red and black fruit, cola and roasted coffee envelop the palate and flow through the finish. This is a wine of monumental size and concentration worthy of patient cellaring."
9758,Chappellet Pritchard Hill Estate Vineyard Cabernet Sauvignon 2014,"Napa Valley, California",Red Wine,99,"The most sought-after wine in our portfolio, this limited-production Cabernet Sauvignon represents the pinnacle of Chappellet winemaking and embodies the elegant power and complexity of Pritchard Hill winegrowing. Like the great Bordeaux wines that first inspired Donn Chappellet, this wine is crafted by blending Cabernet Sauvignon with other classic Bordeaux varietals. The wine was aged for 22 months in 100% new French oak. Grown on our rocky, mountainside vineyard, our Cabernets have consistently displayed an ability to age for several decades."
9810,Charles Heidsieck Blanc des Millenaires Brut 1990,"Champagne, France",Sparkling & Champagne,97,"""The Blanc des Millenaires is 100% Chardonnay and offers a beautiful, stately expression of this grape.  It's very refined in texture and complex, revealing honey, coffee, citrus confit and ginger notes enmeshed in the supple, finely grained texture.  It's firm, yet perfectly integrated with the other elements."""
9911,Charles Smith Wines Old Bones Syrah 2005,"Columbia Valley, Washington",Red Wine,99,100% Royal Slope Syrah
9912,Charles Smith Wines Royal City Syrah 2006,"Columbia Valley, Washington",Red Wine,97,"Earth, cool stone, tobacco, faint dark fruit, Asian five spice. Harmonic, complex, ethereal. Its hard to know where the wine ends and you begin. The very best to date."
9915,Charles Smith Wines Royal City Syrah 2012,"Columbia Valley, Washington",Red Wine,99,"Only one is Royal City! Not just in a name, but in everything it is. Green and black olive, dry meat, roasted meat, camphor, warm earth, crushed rock. So elegant. Complex. Concentrated with finesse forever. "
9916,Charles Smith Wines Royal Slope Heart Syrah 2007,"Columbia Valley, Washington",Red Wine,98,"Moderation is out the window with this and the other wines from the Royal Slope. Big, unctuous wine—moody and mouth filling, a compoteof black fruit and complementary spices—yet still amazingly balanced."
9917,Charles Smith Wines The Skull Syrah 2005,"Columbia Valley, Washington",Red Wine,98,100% Royal Slope Syrah
9965,Chateau Angelus (1.5 Liter Magnum) 2000,"St. Emilion, Bordeaux, France",Red Wine,97,"The 2000 Chateau Angelus is a blackish-purple colored wine that exhibits aromas of blackberies, plums and blackcurrants with delicate smoky notes and licorice. There is volume on the palate, phenominal concentration and a magnificent tannic strcture. The balance between richness and acidity brings great freshness. "
9973,Chateau Angelus 2003,"St. Emilion, Bordeaux, France",Red Wine,99, 
9983,Chateau Angelus 6-Pack OWC (Futures Pre-Sale) 2018,"St. Emilion, Bordeaux, France",Red Wine,98,"Magnificient freshness in the Merlot, a selection of very old Cabernet Franc planted on clay-limestone soils and gentle extraction during vinification have combined to make this vintage a very great Chateau Angelus. A lovely depth of color attracts the eye. Perfect aromatic purity (the  fruit of precision work on a daily basis), together with notes of black fruit give great charm on the nose. On the palate, a sweet note gives way to elegant tension with refined, velvety tannins. The alcohol (below that of 2010) and the oak are perfectly integrated. The finish is lingering, underpinned by the elegance of the Cabernet Franc, by the purity of the fruit, and accompanied by delicate spicy notes.  "
9984,Chateau Angelus 6-Pack OWC (Futures Pre-Sale) 2019,"St. Emilion, Bordeaux, France",Red Wine,99,"This 2019 vintage, made while the estate was undergoing conversion to organic-farming status, turned out to be easier to manage than the 2018, which was a vintage that ended up superbly but which caused worries and tensions. In this vintage, the Merlot has given our wine an opulent texture and succulent fruit, while our Cabernet Franc has brought freshness and tension. We chose to vinify with delicate extractions in order to preserve the brightness of the wine’s character and the purity of its fruit. The barrel-ageing process is ongoing, and the wine seems to be absorbing the tannins of the oak barrels without losing any of its bright fruit character or its balance. It possesses the depth, balance, tension and energy to be a vintage of great complexity and have an ageing potential worthy of the greatest years."
9985,Chateau Angelus (Futures Pre-Sale) 2018,"St. Emilion, Bordeaux, France",Red Wine,98,"Magnificient freshness in the Merlot, a selection of very old Cabernet Franc planted on clay-limestone soils and gentle extraction during vinification have combined to make this vintage a very great Chateau Angelus. A lovely depth of color attracts the eye. Perfect aromatic purity (the  fruit of precision work on a daily basis), together with notes of black fruit give great charm on the nose. On the palate, a sweet note gives way to elegant tension with refined, velvety tannins. The alcohol (below that of 2010) and the oak are perfectly integrated. The finish is lingering, underpinned by the elegance of the Cabernet Franc, by the purity of the fruit, and accompanied by delicate spicy notes.  "
9986,Chateau Angelus (Futures Pre-Sale) 2019,"St. Emilion, Bordeaux, France",Red Wine,99,"This 2019 vintage, made while the estate was undergoing conversion to organic-farming status, turned out to be easier to manage than the 2018, which was a vintage that ended up superbly but which caused worries and tensions. In this vintage, the Merlot has given our wine an opulent texture and succulent fruit, while our Cabernet Franc has brought freshness and tension. We chose to vinify with delicate extractions in order to preserve the brightness of the wine’s character and the purity of its fruit. The barrel-ageing process is ongoing, and the wine seems to be absorbing the tannins of the oak barrels without losing any of its bright fruit character or its balance. It possesses the depth, balance, tension and energy to be a vintage of great complexity and have an ageing potential worthy of the greatest years."
9996,Chateau Ausone 2016,"St. Emilion, Bordeaux, France",Red Wine,99,"Blend: 50% Merlot, 50% Cabernet Franc"
10039,Chateau Beausejour Duffau-Lagarrosse (Futures Pre-Sale) 2019,"St. Emilion, Bordeaux, France",Red Wine,98,The Barrel Sample for this wine is above 14% ABV. 
10064,Chateau Bellevue Mondotte 2005,"St. Emilion, Bordeaux, France",Red Wine,97,"The wine's color is reminiscent of black cherries, a sign of perfect youth. Its aromas are an elegant association of fresh and jammy black fruit; careful aging has added a fine, charming woodiness and additional grilled notes of toasted bread. On the palate the attack is fresh, and young, tight tannins are well-incorporated into the wine's body. The tannins will develop with time, but for now they are nicely balanced with the wine's fresh, nervous acidity. The mid-palate is opulent, with a texture that reflects the wine's spirited style. The finish is still dominated by young tannins, and is very long, flavorful and refined. Although this wine will offer great pleasure in several years, it has an incredible potential to age well into the future."
10072,Chateau Bellevue Mondotte St. Emilion 2005,"St. Emilion, Bordeaux, France",Red Wine,97,"The wine's color is reminiscent of black cherries, a sign of perfect youth. Its aromas are an elegant association of fresh and jammy black fruit; careful aging has added a fine, charming woodiness and additional grilled notes of toasted bread. On the palate the attack is fresh, and young, tight tannins are well-incorporated into the wine's body. The tannins will develop with time, but for now they are nicely balanced with the wine's fresh, nervous acidity. The mid-palate is opulent, with a texture that reflects the wine's spirited style. The finish is still dominated by young tannins, and is very long, flavorful and refined. Although this wine will offer great pleasurein several years, it has an incredible potential to age well into the future."
10175,Chateau Calon-Segur (Futures Pre-Sale) 2019,"St. Estephe, Bordeaux, France",Red Wine,97,"The vintage 2019 was born under favorable auspices. The dry and warm summer conditions remind us of the Great Vintage 2018. The hydric pressure allowed us to reach remarkable levels of maturity on each one of our varieties. With an exceptional sanitary state, the merlots were collected from September 24thto 28th and the entirety of Cabernets, Sauvignon and Franc as well as the Petit Verdot between September 30th and October 9th.This vintage offers once more a complex aromatic palette, floral and fruity, with a freshness going along with silky, refined and elegant tannins. A new vintage at competition with 2016 and 2018… "
10201,Chateau Canon 6-Pack OWC (Futures Pre-Sale) 2018,"St. Emilion, Bordeaux, France",Red Wine,97,"2018 is vibrant from the first nose thanks to its brilliant fruit. An aromatic explosion that mingles aromas of cherries with delicious notes of marzipan. Minty notes of cedar and rose provide a burst of freshness. Carried by this ethereal balance, the wine then reveals its depth and density. It is full-blooded and full-bodied, yet always elegant. The palate is broad, the tannins refined and silky. It possesses the delectable tangy sweetness of a Bakewell tart. This 2018 shows all the power and grace of a prima ballerina, lost in her art. "
10203,Chateau Canon La Gaffeliere (1.5 Liter Futures Pre-Sale) 2019,"St. Emilion, Bordeaux, France",Red Wine,97,"Blend: 49% Merlot, 39% Cabernet Franc, 12% Cabernet Sauvignon"
10215,Chateau Canon La Gaffeliere 6-Pack OWC (Futures Pre-Sale) 2019,"St. Emilion, Bordeaux, France",Red Wine,97,"Blend: 49% Merlot, 39% Cabernet Franc, 12% Cabernet Sauvignon"
10217,Chateau Canon La Gaffeliere (Futures Pre-Sale) 2019,"St. Emilion, Bordeaux, France",Red Wine,97,"Blend: 49% Merlot, 39% Cabernet Franc, 12% Cabernet Sauvignon"
10307,Chateau Cheval Blanc (1.5 Liter Magnum) 2015,"St. Emilion, Bordeaux, France",Red Wine,98,"2015 is a dry vintage, hot early in the year, then fresh on maturation. The harvest was of historical homogeneity, leading the estate not to produce Petit Cheval. The wines of 2015 are remarkably harmonious and balanced. "
10308,Chateau Cheval Blanc (1.5 Liter Magnum) 2016,"St. Emilion, Bordeaux, France",Red Wine,97,"Blend: 59% Merlot, 38% Cabernet Franc, 3% Cabernet Sauvignon "
10317,Chateau Cheval Blanc 2015,"St. Emilion, Bordeaux, France",Red Wine,98,"2015 is a dry vintage, hot early in the year, then fresh on maturation. The harvest was of historical homogeneity, leading the estate not to produce Petit Cheval. The wines of 2015 are remarkably harmonious and balanced. "
10318,Chateau Cheval Blanc 2016,"St. Emilion, Bordeaux, France",Red Wine,97,"Blend: 59% Merlot, 38% Cabernet Franc, 3% Cabernet Sauvignon "
10319,Chateau Cheval Blanc 6-Pack OWC (Futures Pre-Sale) 2018,"St. Emilion, Bordeaux, France",Red Wine,98,"Deep, intense red color. The nose is redolent of tremendously fruity and floral notes, with touches of raspberry and violet. Swirling in the glass reveals a more intense bouquet with black cherry, blackberry and blackcurrant aromas. The ever-present floral notes go on to develop rose and lilac overtones. Spicy and balsamic nuances round off the already complex bouquet with cocoa beans and black pepper aromas. The nose is impressively fresh, complex, and well-defined. The wine starts out sumptuously rich and full-bodied on the palate. The powerful rich tannins contribute to the deep, long, firm, well-balanced, and refined structure. Very elegant, it coats the palate and continues into a long, crunchy, fresh aftertaste. The finish marks a return to floral and fruity aromas with spicy overtones. The precision and balance of this wine are on par with the estate's greatest vintages. "
10321,Chateau Cheval Blanc (Futures Pre-Sale) 2018,"St. Emilion, Bordeaux, France",Red Wine,98,"Deep, intense red color. The nose is redolent of tremendously fruity and floral notes, with touches of raspberry and violet. Swirling in the glass reveals a more intense bouquet with black cherry, blackberry and blackcurrant aromas. The ever-present floral notes go on to develop rose and lilac overtones. Spicy and balsamic nuances round off the already complex bouquet with cocoa beans and black pepper aromas. The nose is impressively fresh, complex, and well-defined. The wine starts out sumptuously rich and full-bodied on the palate. The powerful rich tannins contribute to the deep, long, firm, well-balanced, and refined structure. Very elegant, it coats the palate and continues into a long, crunchy, fresh aftertaste. The finish marks a return to floral and fruity aromas with spicy overtones. The precision and balance of this wine are on par with the estate's greatest vintages. "
10373,Chateau Clinet 2015,"Pomerol, Bordeaux, France",Red Wine,97,"This vintage presents a beautiful appearance, a velvety texture and complex aromas of fruit (forest fruits, tangy raspberry) and spices(Malabar pepper, liquorice). A finish which grows in intensity whilstremaining flavoursome. A very distinguished wine whose softness is met with elegance and freshness."
10375,Chateau Clinet (6-Pack OWC Futures Pre-Sale) 2019,"Pomerol, Bordeaux, France",Red Wine,97,"A vintage ranked among the very best. This decade has produced a number of powerful, voluptuous vintages (2010, 2016, 2018) and 2019 is no exception. Château Clinet 2019 remains true to the unique style of Clinet. With a greater presence in the blend than in previous vintages, the Cabernet Sauvignon helps to shape a wine that displays freshness, tension, structure and elegance."
10400,Chateau Cos d'Estournel (1.5 Liter Futures Pre-Sale) 2019,"St. Estephe, Bordeaux, France",Red Wine,98,"Silky, delicate and immensely profound, the 2019 vintage embodies the quintessence of Cos d’Estournel. Multi-faceted, it delivers aromas of cinnamon and jasmine alongside fine mineral notes and a touch of spice that perfectly structures the wine through its finish. A dazzling expression of the estate’s terroir, exceptional and full of grace, Cos d’Estournel 2019 is an alluring vintage with universal appeal that promises many wonderful years of cellaring."
10405,Chateau Cos d'Estournel (1.5 Liter Magnum) 2018,"St. Estephe, Bordeaux, France",Red Wine,97,"Finely structured and vibrant, Cos d'Estournel 2018 is both powerful and balanced, with very soft tannins. It offers a multitude of nuances, including remarkably elegant spices and an extremely long and lingering finish. It is an outstanding vintage with immense cellaring potential that will surley count among the most legendary vintages of the estate. "
10423,Chateau Cos d'Estournel 2018,"St. Estephe, Bordeaux, France",Red Wine,97,"Finely structured and vibrant, Cos d'Estournel 2018 is both powerful and balanced, with very soft tannins. It offers a multitude of nuances, including remarkably elegant spices and an extremely long and lingering finish. It is an outstanding vintage with immense cellaring potential that will surley count among the most legendary vintages of the estate. "
10428,Chateau Cos d'Estournel 6-Pack OWC (Futures Pre-Sale) 2019,"St. Estephe, Bordeaux, France",Red Wine,98,"Silky, delicate and immensely profound, the 2019 vintage embodies the quintessence of Cos d’Estournel. Multi-faceted, it delivers aromas of cinnamon and jasmine alongside fine mineral notes and a touch of spice that perfectly structures the wine through its finish. A dazzling expression of the estate’s terroir, exceptional and full of grace, Cos d’Estournel 2019 is an alluring vintage with universal appeal that promises many wonderful years of cellaring."
10432,Chateau Cos d'Estournel (Futures Pre-Sale) 2019,"St. Estephe, Bordeaux, France",Red Wine,98,"Silky, delicate and immensely profound, the 2019 vintage embodies the quintessence of Cos d’Estournel. Multi-faceted, it delivers aromas of cinnamon and jasmine alongside fine mineral notes and a touch of spice that perfectly structures the wine through its finish. A dazzling expression of the estate’s terroir, exceptional and full of grace, Cos d’Estournel 2019 is an alluring vintage with universal appeal that promises many wonderful years of cellaring."
10458,Chateau Coutet (375ML Futures Pre-Sale) 2019,"Barsac, Bordeaux, France",,97,"The tasting of the 2019 vintage brings out Coutet's signature nose, marked by notes of pear, ginger and exotic fruits. The palate is particularly fresh this year, offering a very modern Coutet."
10555,Chateau de Beaucastel Chateauneuf-du-Pape 2018,"Chateauneuf-du-Pape, Rhone, France",Red Wine,97,"The 2018 Chateau de Beaucastel red has an elegant deep ruby-red colour. The powerful and elegant nose offers superb notes of spices, cherries and cocoa. Elegantly and perfectly balanced, the mouth reveals a beautiful dense structure with fine tannins and complex aromas of red fruit such as blackcurrants and floral notes. The finish is very long and harmonious. A very sophisticated wine, signature of Beaucastel’s style."
10566,Chateau de Beaucastel Chateauneuf-du-Pape (375ML half-bottle) 2018,"Chateauneuf-du-Pape, Rhone, France",Red Wine,97,"The 2018 Chateau de Beaucastel red has an elegant deep ruby-red colour. The powerful and elegant nose offers superb notes of spices, cherries and cocoa. Elegantly and perfectly balanced, the mouth reveals a beautiful dense structure with fine tannins and complex aromas of red fruit such as blackcurrants and floral notes. The finish is very long and harmonious. A very sophisticated wine, signature of Beaucastel’s style."
10580,Chateau de Beaucastel Chateauneuf-du-Pape (signs of seepage) 1989,"Chateauneuf-du-Pape, Rhone, France",Red Wine,97,An exceptional vintage for Mourvedre. A hot summer with warm nights until the end of the harvest. 
10590,Chateau de Beaucastel Chateauneuf-du-Pape Vieilles Vignes Roussanne 2015,"Chateauneuf-du-Pape, Rhone, France",White Wine,97,"A beautiful bright yellow color with green highlights. The nose is discreet, stylish and elegant, with notes of rose petals and beeswax. In the mouth the wine grows and turns right, with notes of gingerbread, cinnamon, close and white pepper. The finish is beautifully balanced between salinity and minerality."
10591,Chateau de Beaucastel Chateauneuf-du-Pape Vieilles Vignes Roussanne 2017,"Chateauneuf-du-Pape, Rhone, France",White Wine,99,"Very beautiful golden colour with shiny reflections. On the nose, this wine offers notes of quince, lime and roasted pineapple. Very elegant on the palate, delicately oaky with an opulent texture, it reveals aromas of white flowers such as acacia and honeysuckle, honey and citrus zest. The finish is exceptionally long and salty."
10610,Chateau de Beaucastel Hommage Jacques Perrin Chateauneuf-du-Pape (1.5L) 2001,"Chateauneuf-du-Pape, Rhone, France",Red Wine,99,"""The 2001 Chateauneuf du Pape Hommage a Jacques Perrin is a blend of 60% Mourvedre, 20% Grenache, 10% Counoise, and 10% Syrah. Full-bodied, excruciatingly backward, and nearly impenetrable, it boasts an inky/blue/purple color in addition to a promising nose of new saddle leather, melted asphalt, camphor, blackberries, smoky, roasted herbs, and Asian spices. A huge lashing of tannin as well as a formidable structure result in the antithesis of its more flattering, forward, and voluptuous sibling, the classic Beaucastel. Readers lucky enough to come across this cuvee should plan on waiting at least a decade before it begins to approach adolescence. Anticipated maturity: 2012-2040."""
10612,Chateau de Beaucastel Hommage Jacques Perrin Chateauneuf-du-Pape 2000,"Chateauneuf-du-Pape, Rhone, France",Red Wine,97,"The Château de Beaucastel Hommage à Jacques Perrin from those years was made mostly from very old Mourvedre vines yielding tiny quantities of intensely ripe, concentrated fruit. Those fortunate enough to have tasted it never forget it. Truly, a ‘grand vin'."
10613,Chateau de Beaucastel Hommage Jacques Perrin Chateauneuf-du-Pape 2001,"Chateauneuf-du-Pape, Rhone, France",Red Wine,99,"""The 2001 Chateauneuf du Pape Hommage a Jacques Perrin is a blend of 60% Mourvedre, 20% Grenache, 10% Counoise, and 10% Syrah. Full-bodied, excruciatingly backward, and nearly impenetrable, it boasts an inky/blue/purple color in addition to a promising nose of new saddle leather, melted asphalt, camphor, blackberries, smoky, roasted herbs, and Asian spices. A huge lashing of tannin as well as a formidable structure result in the antithesis of its more flattering, forward, and voluptuous sibling, the classic Beaucastel. Readers lucky enough to come across this cuvee should plan on waiting at least a decade before it begins to approach adolescence. Anticipated maturity: 2012-2040."""
10614,Chateau de Beaucastel Hommage Jacques Perrin Chateauneuf-du-Pape 2005,"Chateauneuf-du-Pape, Rhone, France",Red Wine,97,"Deep black-ruby color. Profound aromas of black cherry, cassis, spice, leather and game, with an almost medicinal aspect. Very sweet entry, then firm and closed, almost too hard on the palate today. Extremely concentrated on the finish."
10615,Chateau de Beaucastel Hommage Jacques Perrin Chateauneuf-du-Pape 2009,"Chateauneuf-du-Pape, Rhone, France",Red Wine,97,"Deep black-ruby color. Profound aromas of black cherry, cassis, spice, leather and game, with an almost medicinal aspect. Very sweet entry, then firm and closed, almost too hard on the palate today. Extremely concentrated on the finish. This is a wine to be kept for your retirement."
10616,Chateau de Beaucastel Hommage Jacques Perrin Chateauneuf-du-Pape 2009,"Chateauneuf-du-Pape, Rhone, France",Red Wine,97,"Deep black-ruby color. Profound aromas of black cherry, cassis, spice, leather and game, with an almost medicinal aspect. Very sweet entry, then firm and closed, almost too hard on the palate today. Extremely concentrated on the finish. This is a wine to be kept for your retirement."
10617,Chateau de Beaucastel Hommage Jacques Perrin Chateauneuf-du-Pape 2009,"Chateauneuf-du-Pape, Rhone, France",Red Wine,97,"Deep black-ruby color. Profound aromas of black cherry, cassis, spice, leather and game, with an almost medicinal aspect. Very sweet entry, then firm and closed, almost too hard on the palate today. Extremely concentrated on the finish. This is a wine to be kept for your retirement."
10892,Chateau de Saint Cosme Gigondas Hominis Fides 2010,"Gigondas, Rhone, France",Red Wine,97,"Hominis Fides always proposes a paradox: is it a masculine or a feminine wine? The debate is open. There is some depth with finesse, there is some power with fruit, there is some ripeness with freshness, it is secret but generous: being a paradox is the main characteristic of this soil. 2010 proposes a very interesting version of Hominis Fides, with very obvious fruit and freshness. This has notes of blueberry, rose and almonds. "
10901,Chateau de Saint Cosme Gigondas le Claux 2015,"Gigondas, Rhone, France",Red Wine,97,"Château de Saint Cosme Le Claux offers alluring notes of raspberry and roasted almond with subtle rustic nuances. The full body and solid structure create a wine to be enjoyed today or years from this point, due to its wonderful ability to age. "
10904,Chateau de Saint Cosme Gigondas le Poste 2010,"Gigondas, Rhone, France",Red Wine,98,"Le Poste is a favourite wine at Saint Cosme. It is everything they like in wine - it is a wine of fruit and a wine to keep, a wine of complexity and an easy to understand one, a wine of structure and a wine of freshness.  You'll find notes of Violet, almond, raspberry, and blackberry in this wine. "
10906,Chateau de Saint Cosme Gigondas le Poste 2012,"Gigondas, Rhone, France",Red Wine,97,"Le Poste is probably the easiest wine to recognize because its style is distinctive : the most feminine and the most charming of our Gigondas wines. With a south / south-west exposure to sun, Le Poste works really well in cool years such as 2008 for example. In 2012, we had at Le Poste a perfectly accomplished ripening. Try to keep these bottles from 10 to 15 years."
11076,Chateau Doisy Daene L'Extravagant Sauternes (375ML half-bottle) 2001,"Sauternes, Bordeaux, France",,98,"""Liquid honey in appearance. Incredibly ripe with dried apricot, orange and mace. Full-bodied, thick and powerful with amazing richness and spiciness. It goes on and on and on. This concentration is phenomenal. Yet it's lively and spicy. Huge finish. Best after 2012. 140 cases made."""
11077,Chateau Doisy Daene L'Extravagant Sauternes (375ML half-bottle) 2009,"Sauternes, Bordeaux, France",Collectible,98,"Doisy Daëne wine has a style of its own that privileges a bursting fruit concentrated by the ""noble rot"", strength, balance and subtlety of the flavors. The Doisy-Daëne style is all at once the expression of a great calcareous soil and a truly aesthetic family tradition, the one of distinguished white wines, of crystal-like purity, combining power and freshness, in an infinite youth. "
11135,Chateau Ducru-Beaucaillou (1.5 Liter Futures Pre-Sale) 2018,"St-Julien, Bordeaux, France",Red Wine,98,"Deep, intense, brillant purple-black color. Vivid and attractive. Aromas redolent of black fruits, hint of graphite and violets.Powerful and elegant structure, fleshy, rich, polished tannins, remarkable length risen by a wonderful freshness. A new standard."
11136,Chateau Ducru-Beaucaillou (1.5 Liter Futures Pre-Sale) 2019,"St-Julien, Bordeaux, France",Red Wine,99,"Blend: 80% Cabernet Sauvignon, 20% Merlot"
11140,Chateau Ducru-Beaucaillou (1.5 Liter Magnum) 2015,"St-Julien, Bordeaux, France",Red Wine,97,#84  
11141,Chateau Ducru-Beaucaillou (1.5 Liter Magnum) 2016,"St-Julien, Bordeaux, France",Red Wine,97,"Blend: 85% Cabernet Sauvignon, 15% Merlot"
11160,Chateau Ducru-Beaucaillou 2015,"St-Julien, Bordeaux, France",Red Wine,97,#84 
11161,Chateau Ducru-Beaucaillou 2016,"St-Julien, Bordeaux, France",Red Wine,97,"Blend: 85% Cabernet Sauvignon, 15% Merlot"
11164,Chateau Ducru-Beaucaillou (6-Pack OWC Futures Pre-Sale) 2019,"St-Julien, Bordeaux, France",Red Wine,99,"Blend: 80% Cabernet Sauvignon, 20% Merlot"
11172,Chateau Ducru-Beaucaillou (Futures Pre-Sale) 2018,"St-Julien, Bordeaux, France",Red Wine,98,"Deep, intense, brillant purple-black color. Vivid and attractive. Aromas redolent of black fruits, hint of graphite and violets.Powerful and elegant structure, fleshy, rich, polished tannins, remarkable length risen by a wonderful freshness. A new standard."
11173,Chateau Ducru-Beaucaillou (Futures Pre-Sale) 2019,"St-Julien, Bordeaux, France",Red Wine,99,"Blend: 80% Cabernet Sauvignon, 20% Merlot"
11200,Chateau Durfort-Vivens (Futures Pre-Sale) 2019,"Margaux, Bordeaux, France",Red Wine,97,"Blend: 90% Cabernet Sauvignon, 10% Merlot"
11201,Chateau d'Yquem Sauternes (1.5 Liter Magnum) 1989,"Sauternes, Bordeaux, France",,97,"Rich, opulent concentrated and full-bodied. Medium gold with a honeyed, oaky, flowery, tropical fruit bouquet, magnificent and unique."
11202,Chateau d'Yquem Sauternes 1975,"Sauternes, Bordeaux, France",Collectible,97,"Rich, opulent concentrated and full-bodied. Medium gold with a honeyed, oaky, flowery, tropical fruit bouquet, magnificent and unique. "
11204,Chateau d'Yquem Sauternes 1986,"Sauternes, Bordeaux, France",Collectible,98,"Blend 80% Semillon, 20% Sauvignon Blanc. Average age of vines 30 years. 100% barrel fermented. Aged for 31/2 years (100% new) ""perfect"""
11206,Chateau d'Yquem Sauternes 1990,"Sauternes, Bordeaux, France",Collectible,97,"Rich, opulent concentrated and full-bodied. Medium gold with a honeyed, oaky, flowery, tropical fruit bouquet, magnificent and unique."
11217,Chateau d'Yquem Sauternes 2015,"Sauternes, Bordeaux, France",Collectible,98,"Blend: 75% Semillon, 25% Sauvignon"
11229,Chateau d'Yquem Sauternes (375ML half-bottle) 2011,"Sauternes, Bordeaux, France",Collectible,97,"Discovering Chateau d'Yquem starts with the bouquet. Although not always very outgoing in young vintages, it is marked by fruit (apricot, mandarin, and occasionally tropical fruit) and oak (vanilla and toasty aromas). Older vintages, on the other hand, have an extraordinarily complex fragrance as soon as the bottle is opened. The bouquet is amazingly subtle, with hints of dried fruit (dried apricot, prune, stewed fruit, and marmalade), spice (cinnamon, saffron, and licorice), and even flowers (linden blossom, etc.). The first impression on the palate is always very silky, and often sumptuous. It then fills out, ""coating the palate."" This fine wine has a strong, but never overbearing character, with great elegance and poise. It always maintains a balance between sugar and acidity (sweetness and freshness)."
11230,Chateau d'Yquem Sauternes (375ML half-bottle) 2013,"Sauternes, Bordeaux, France",Collectible,97,"This was a year of tremendous contrasts. Spring was abnormally cool and wet, which meant that flowering was very spread out – a factor conducive to complexity at Yquem. Summer was magnificent! Cool weather in September retained the grapes' freshness, whereas summerlike conditions returned in October. The harvest took place under ideal conditions. This 2013 is very ""botrytised"", with richness and candied fruit flavors. The wine's freshness and power are comparable to 2001 and the degree of botrytis is reminiscent of 2007."
11259,Chateau Figeac (1.5 Liter Futures Pre-Sale) 2018,"St. Emilion, Bordeaux, France",Red Wine,99,"An attractive, deep, bright, purple color. An expressive, air-light nose leads on to Figeac freshness and aromatics, followed by floral notes mingling harmoniously with nuances of fruit and underpinned by aromas of blackcurrants and raspberries. The palate is expressive and vibrant, cadenced by a clean powerful entry, an enveloping and velvety mid-palate reminiscent of 2015 vintage, and a fresh, lean finish accompanied by tannins of a finesse and minerality that recall the 2016 vintage. The greatness of this vintage is embodied by the amazing harmony between the round and eveloping Merlot, the fresh and elegant Cabernet Franc, and the lace-textured, tender Cabernet Sauvignon. The Chateau Figeac 2018 delivers here the perfect chord from its famous three grape varieties.  "
11260,Chateau Figeac (1.5 Liter Futures Pre-Sale) 2019,"St. Emilion, Bordeaux, France",Red Wine,98,"The color of the 2019 with its deep, brilliant, amaranthine red hue and bright purple glints testifies to the beautiful ripeness of this vintage. The nose is intensely aromatic, pure and reveals great finesse. Our Cabernets find their full expression through notes of flowers and fruit, such as blueberries and Mara Des Bois strawberries. Delicious and dense on the entry to the palate, the wine develops harmoniously on the mid-palate with the gentle, enveloping texture of the Merlot. Showing exceptional length of favor, the wine maintains a balance that follows right through to the finish, in which the fine, mineral texture of the Cabernets is elevated by the freshness of the fruit flavor. 2019 will go down in the history of Château-Figeac as one of its benchmark vintages."
11263,Chateau Figeac (1.5 Liter Magnum) 2015,"St. Emilion, Bordeaux, France",Red Wine,97,"The aromatic depth of the Cabernets is exceptional. A variation of floral scents brought by the Cabernet Franc completes the freshness of the fruity and spicy bouquet of the Cabernet Sauvignon. It is a true color chart of sensations for the palate. The juicy flesh of the Merlot envelops this whole and gives a full midpalate to the velvety texture. The tannic structure accompanies the wine towards a long and persistent finish, respecting the style of Chateau Figeac. "
11274,Chateau Figeac 2015,"St. Emilion, Bordeaux, France",Red Wine,97,"The aromatic depth of the Cabernets is exceptional. A variation of floral scents brought by the Cabernet Franc completes the freshness of the fruity and spicy bouquet of the Cabernet Sauvignon. It is a true color chart of sensations for the palate. The juicy flesh of the Merlot envelops this whole and gives a full midpalate to the velvety texture. The tannic structure accompanies the wine towards a long and persistent finish, respecting the style of Chateau Figeac. "
11276,Chateau Figeac 6-Pack OWC (Futures Pre-Sale) 2018,"St. Emilion, Bordeaux, France",Red Wine,99,"An attractive, deep, bright, purple color. An expressive, air-light nose leads on to Figeac freshness and aromatics, followed by floral notes mingling harmoniously with nuances of fruit and underpinned by aromas of blackcurrants and raspberries. The palate is expressive and vibrant, cadenced by a clean powerful entry, an enveloping and velvety mid-palate reminiscent of 2015 vintage, and a fresh, lean finish accompanied by tannins of a finesse and minerality that recall the 2016 vintage. The greatness of this vintage is embodied by the amazing harmony between the round and eveloping Merlot, the fresh and elegant Cabernet Franc, and the lace-textured, tender Cabernet Sauvignon. The Chateau Figeac 2018 delivers here the perfect chord from its famous three grape varieties.  "
11277,Chateau Figeac 6-Pack OWC (Futures Pre-Sale) 2019,"St. Emilion, Bordeaux, France",Red Wine,98,"The color of the 2019 with its deep, brilliant, amaranthine red hue and bright purple glints testifies to the beautiful ripeness of this vintage. The nose is intensely aromatic, pure and reveals great finesse. Our Cabernets find their full expression through notes of flowers and fruit, such as blueberries and Mara Des Bois strawberries. Delicious and dense on the entry to the palate, the wine develops harmoniously on the mid-palate with the gentle, enveloping texture of the Merlot. Showing exceptional length of favor, the wine maintains a balance that follows right through to the finish, in which the fine, mineral texture of the Cabernets is elevated by the freshness of the fruit flavor. 2019 will go down in the history of Château-Figeac as one of its benchmark vintages."
11278,Chateau Figeac (Futures Pre-Sale) 2018,"St. Emilion, Bordeaux, France",Red Wine,99,"An attractive, deep, bright, purple color. An expressive, air-light nose leads on to Figeac freshness and aromatics, followed by floral notes mingling harmoniously with nuances of fruit and underpinned by aromas of blackcurrants and raspberries. The palate is expressive and vibrant, cadenced by a clean powerful entry, an enveloping and velvety mid-palate reminiscent of 2015 vintage, and a fresh, lean finish accompanied by tannins of a finesse and minerality that recall the 2016 vintage. The greatness of this vintage is embodied by the amazing harmony between the round and eveloping Merlot, the fresh and elegant Cabernet Franc, and the lace-textured, tender Cabernet Sauvignon. The Chateau Figeac 2018 delivers here the perfect chord from its famous three grape varieties.  "
11279,Chateau Figeac (Futures Pre-Sale) 2019,"St. Emilion, Bordeaux, France",Red Wine,98,"The color of the 2019 with its deep, brilliant, amaranthine red hue and bright purple glints testifies to the beautiful ripeness of this vintage. The nose is intensely aromatic, pure and reveals great finesse. Our Cabernets find their full expression through notes of flowers and fruit, such as blueberries and Mara Des Bois strawberries. Delicious and dense on the entry to the palate, the wine develops harmoniously on the mid-palate with the gentle, enveloping texture of the Merlot. Showing exceptional length of favor, the wine maintains a balance that follows right through to the finish, in which the fine, mineral texture of the Cabernets is elevated by the freshness of the fruit flavor. 2019 will go down in the history of Château-Figeac as one of its benchmark vintages."
11516,Chateau Haut-Bailly (1.5 Liter Futures Pre-Sale) 2018,"Pessac-Leognan, Bordeaux, France",Red Wine,97,"2018 was a year of extremes. The excessive rainfall of winter and spring was followed by drought with a long sunny summer for more than four consecutive months ... rare and ideal! The resulting wines are full of color, dense, structured and expressive. Opulence and exceptional quality for a solar vintage. "
11517,Chateau Haut-Bailly (1.5 Liter Futures Pre-Sale) 2019,"Pessac-Leognan, Bordeaux, France",Red Wine,97,"Charming Merlots and structured Cabernets. The wines are ripe, rich and aromatic. They offer balance generosity as well as precision. 2019 is a wine of style and depth, a wine of balance, power and purity."
11527,Chateau Haut-Bailly (Futures Pre-Sale) 2018,"Pessac-Leognan, Bordeaux, France",Red Wine,97,"2018 was a year of extremes. The excessive rainfall of winter and spring was followed by drought with a long sunny summer for more than four consecutive months ... rare and ideal! The resulting wines are full of color, dense, structured and expressive. Opulence and exceptional quality for a solar vintage. "
11528,Chateau Haut-Bailly (Futures Pre-Sale) 2019,"Pessac-Leognan, Bordeaux, France",Red Wine,97,"Charming Merlots and structured Cabernets. The wines are ripe, rich and aromatic. They offer balance generosity as well as precision. 2019 is a wine of style and depth, a wine of balance, power and purity."
11557,Chateau Haut-Brion (1.5 Liter Futures Pre-Sale) 2019,"Pessac-Leognan, Bordeaux, France",Red Wine,99,"The wine is a superb, deep purple-red color. The first nose is at once intense and subtle. It has a ripe fruitiness, and swirling brings out its aromatic complexity.The first expression is incredibly smooth and delicate,expanding and filling the palate without ever “flexing its muscles”. The tannins are precise but not aggressive, and subtly enchanting. The finish is long and fragrant. Once again, Haut-Brion surprises for its ability to enhance the complementarity of Merlot, Cabernet Franc and Cabernet Sauvignon."
11558,Chateau Haut-Brion (1.5 Liter Futures Pre-Sale) 2018,"Pessac-Leognan, Bordeaux, France",Red Wine,98,"Blend: 49.4% Merlot, 38.7% Cabernet Sauvignon and 11.9% Cabernet Franc"
11560,Chateau Haut-Brion (1.5 Liter Magnum) 2005,"Pessac-Leognan, Bordeaux, France",Red Wine,98,"The color is so dense that the wine seems almost black. The nose has an intensity of aromas that are mind-blowing. It can never disavow its origins as we find all the complexity that is so well known for characterizing Haut-Brion: its notes of smoke, of cigar and roasted coffee grains. The whiff of fresh fruit is also present: currants and cherries. From the first approach this wine startles one with its density. It is long in the mouth plus creamy, big, powerful and fresh. It takes a hold of you and penetrates your senses. Power and harmony are the distinctive traits of this vintage. The aromatic persistence is incredibly long. This perfectly balanced wine will without a doubt become one of the biggest successes of our Domaine."
11562,Chateau Haut-Brion (1.5 Liter Magnum) 2016,"Pessac-Leognan, Bordeaux, France",Red Wine,98,"Blend: 56% Merlot, 37.5% Cabernet Sauvignon and 6.5% Cabernet Franc"
11576,Chateau Haut-Brion 2005,"Pessac-Leognan, Bordeaux, France",Red Wine,98,"The color is so dense that the wine seems almost black. The nose has an intensity of aromas that are mind-blowing. It can never disavow its origins as we find all the complexity that is so well known for characterizing Haut-Brion: its notes of smoke, of cigar and roasted coffee grains. The whiff of fresh fruit is also present: currants and cherries. From the first approach this wine startles one with its density. It is long in the mouth plus creamy, big, powerful and fresh. It takes a hold of you and penetrates your senses. Power and harmony are the distinctive traits of this vintage. The aromatic persistence is incredibly long. This perfectly balanced wine will without a doubt become one of the biggest successes of our Domaine."
11579,Chateau Haut-Brion 2010,"Pessac-Leognan, Bordeaux, France",Red Wine,98,"This wine is a superb ruby-red color with purplish highlights. The initially closed-in bouquet opens up nicely on aeration. The wonderfully subtle aromas follow through in quick succession, starting with oaky overtones, followed by red-berry fruit, leading into terroir character: cocoa powder, roasting coffee, and Havana cigars. The initial softness on the palate gradually evolves to reveal the tannic backbone. Despite their dense structure, the tannins are amazingly silky. The overall freshness carries the flavors through into an aftertaste that goes on and on."
11583,Chateau Haut-Brion (6-Pack OWC Futures Pre-Sale) 2018,"Pessac-Leognan, Bordeaux, France",Red Wine,98,"Blend: 49.4% Merlot, 38.7% Cabernet Sauvignon and 11.9% Cabernet Franc"
11587,Chateau Haut-Brion Blanc (Futures Pre-Sale) 2019,"Pessac-Leognan, Bordeaux, France",White Wine,98,"Château Haut-Brion white wine is synonymous with uniqueness, excellence and aromatic intensity. Only 400 cases are produced per vintage. The unique blend of Sémillon and Sauvignon gives this Graves wine a concentration and breadth that is atypical of a dry white Bordeaux. The wine is a beautiful pale yellow in color. The first nose is intense, marked by Sauvignon, ethereal yet ripe, delicate and fresh. When swirled in the glass, there is an incredibleimpression of “densification” and complexity: the Sémillon clearly acts as an aroma enhancer, beyond a doubt. The first impression is generous, fragrant and flavorful. The wine then extends, displaying an outstanding length that continues to gain momentum, revealing spicy nuances. This Haut-Brion confirms that years marked by a very hot and dry summer can produce white wines of incrediblefreshness and power of flavors. One of the most beautiful Haut-Brion whites, very similar to the 2017, and undoubtedly a future 1993, one of the most successful vintages of recent years."
11589,Chateau Haut-Brion (Futures Pre-Sale) 2018,"Pessac-Leognan, Bordeaux, France",Red Wine,98,"Blend: 49.4% Merlot, 38.7% Cabernet Sauvignon and 11.9% Cabernet Franc"
11590,Chateau Haut-Brion (Futures Pre-Sale) 2019,"Pessac-Leognan, Bordeaux, France",Red Wine,99,"The wine is a superb, deep purple-red color. The first nose is at once intense and subtle. It has a ripe fruitiness, and swirling brings out its aromatic complexity.The first expression is incredibly smooth and delicate, expanding and filling the palate without ever “flexing its muscles”. The tannins are precise but not aggressive, and subtly enchanting. The finish is long and fragrant. Once again, Haut-Brion surprises for its ability to enhance the complementarity of Merlot, Cabernet Franc and Cabernet Sauvignon."
11638,Chateau Hosanna (Futures Pre-Sale) 2019,"Pomerol, Bordeaux, France",Red Wine,97,The Barrel Sample for this wine is above 14% ABV. 
11686,Chateau La Conseillante 1990,"Pomerol, Bordeaux, France",Red Wine,97,"The color is showing a touch of age, but it still has intense depth. The nose is clean, revealing superb aromatic complexity with notes of varnished wood, plums and blackberries coming through. On the palate, there is good volume and lots of appeal, a sign that there's still good ageing potential."
11697,Chateau La Conseillante (Futures Pre-Sale) 2019,"Pomerol, Bordeaux, France",Red Wine,97,"Never has the blending of a vintage been so straightforward. The association of the different lots of the 2019 La Conseillante has produced a wine with stunning freshness allied to gentle power.Very Pomerol in its seductiveness, this vintage reveals black fruit aromas supported by floral and spicy notes. La Conseillante 2019 is a vibrant wine with huge promise for the decades to come."
11737,Chateau La Fleur de Bouard Le Plus 2000,"Pomerol, Bordeaux, France",Red Wine,99,"A very dark, vivid hue of Indian ink; this color still looks very young. t exudes aromas of black fruit, blackberries, as well as chocolaty hints and a delicate touch of truffle. Supple on the first taste, very rich and round, with flavors of black fruit that evoke the aromas. The tannins are clearly perceptible, but pleasantly melted. The flavors are delightfully long-lasting."
11752,Chateau La Gaffeliere (Futures Pre-Sale) 2018,"St. Emilion, Bordeaux, France",Red Wine,97,"Blend: 58% Merlot, 42% Cabernet Franc"
11753,Chateau La Gaffeliere (Futures Pre-Sale) 2019,"St. Emilion, Bordeaux, France",Red Wine,97,"Blend: 60% Merlot, 40% Cabernet Franc"
11777,Chateau La Mission Haut-Brion (1.5 Liter Futures Pre-Sale) 2018,"Pessac-Leognan, Bordeaux, France",Red Wine,97,"Blend: 53.5% Merlot, 42.9% Cabernet Sauvignon and 3.6% Cabernet Franc"
11778,Chateau La Mission Haut-Brion (1.5 Liter Futures Pre-Sale) 2019,"Pessac-Leognan, Bordeaux, France",Red Wine,98,"The wine is a beautiful deep purple-red. The nose is intense, with hints of raspberry and blackberry. What is striking as it swirls in the glass is its ripe fruitiness. The vanilla and delicately spicy, woody notes marry perfectly without dominating. The first expression is round, full and ample, leading into a dense and flavorful mid-palate. Blackfruit and licorice notes dominate the taste, followed by a juicy and velvety tannic structure."
11780,Chateau La Mission Haut-Brion (1.5 Liter Magnum) 2005,"Pessac-Leognan, Bordeaux, France",Red Wine,97,"This wine possesses great intensity that will delight you with its complexity of red fruits and the signature of its terrior in its empyreumatic notes. On the palate, the wine is spherical and generous without a trace of aggressiveness. It lenghtens on silky tannins, making this so obvious that the taster succumbs to its charm. "
11786,Chateau La Mission Haut-Brion 1986,"Pessac-Leognan, Bordeaux, France",Red Wine,97,"The handsome color has evolved. The tasting is marked by both the great softness at the base as well as notes or aromas of rather heavy wild game. The whole has a beautiful harmony. Its rich aromas, its softness, and its chunkiness make it a particularly rich bottle with an aptitude to age well."
11796,Chateau La Mission Haut-Brion 2005,"Pessac-Leognan, Bordeaux, France",Red Wine,97,"The color of La Mission Haut-Brion is very dark. One can surmise by its depth that the wine is extremely dense. The nose has great precision. We find there the aromas of red fruit, earth, smoke, and liquorish. With the evidence of this complexity in the mouth one notes the first impression which is the surprising contrast between the concentration of the wine and its smoothness. It possesses an enveloping body, the tannins seeming almost creamy. The wine expands taking a greater dimension on the palate while seeming never ending. The equilibrium of this wine is a great trait of La Mission Haut-Brion 2005 where the intensity of the tannins is counterbalanced by an extraordinary freshness. This is one of the great vintages of Chateau La Mission Haut-Brion."
11801,Chateau La Mission Haut-Brion 2010,"Pessac-Leognan, Bordeaux, France",Red Wine,97,"The striking, deep-purple color of this wine is reminiscent of a ripe aubergine. It has an intense, complex bouquet, blending hints of oak with blackcurrant, licorice, and chocolate. The nose reveals a seemingly endless range of aromas. On the palate, the breadth and expressivity of this wine is immediately impressive. The tannins are flavorful and its structure is poised, buoyed up by incredible freshness. To take an architectural metaphor, 2010 Chateau La Mission Haut-Brion is reminiscent of the Eiffel Tower. Its structure is immediately perceptible but, although it is obviously a substantial construction, it gives an impression of lightness and elegance. These contrasts make it easier to understand the challenge that faced the architects in both cases: to achieve perfect balance. "
11813,Chateau La Mission Haut-Brion (Futures Pre-Sale) 2018,"Pessac-Leognan, Bordeaux, France",Red Wine,97,"Blend: 53.5% Merlot, 42.9% Cabernet Sauvignon and 3.6% Cabernet Franc"
11814,Chateau La Mission Haut-Brion (Futures Pre-Sale) 2019,"Pessac-Leognan, Bordeaux, France",Red Wine,98,"The wine is a beautiful deep purple-red.The nose is intense, with hints of raspberry and blackberry.What is striking as it swirls in the glass is its ripe fruitiness.The vanilla and delicately spicy, woody notes marry perfectlywithout dominating. The first expression is round, full andample, leading into a dense and flavorful mid-palate. Blackfruit and licorice notes dominate the taste, followed by ajuicy and velvety tannic structure."
11822,Chateau La Mondotte (Futures Pre-Sale) 2018,"St. Emilion, Bordeaux, France",Red Wine,99,"The quality of La Mondotte's clay and the age of the vines (60 years on average) result in a wine that is profoundly marked by its terroir. It is silky, powerful, incomparably elegant, and has great minerality."
11823,Chateau La Mondotte (Futures Pre-Sale) 2019,"St. Emilion, Bordeaux, France",Red Wine,99,"Blend: 79% Merlot, 21% Cabernet Franc"
11920,Chateau Lafaurie-Peyraguey Sauternes 2003,"Sauternes, Bordeaux, France",Collectible,97, 
11924,Chateau Lafite Rothschild (1.5 Liter Futures Pre-Sale) 2018,"Pauillac, Bordeaux, France",Red Wine,98,"Blend: 91% Cabernet Sauvignon, 8.5% Merlot and 0.5% Petit Verdot"
11925,Chateau Lafite Rothschild (1.5 Liter Futures Pre-Sale) 2019,"Pauillac, Bordeaux, France",Red Wine,99,"The first tastings, after running the wines off skins, leftus amazed : the wines are pure, with a very preciseripe style"
11937,Chateau Lafite Rothschild (1.5 Liter Magnum) 2005,"Pauillac, Bordeaux, France",Red Wine,98,"2005 was the fourth consecutive year to have a deficit in rainfall, but the drought began very early, at the end of May, which allowed the vine to adapt itself by reducing its leaves. The very hot weather in June and July gave way to progressively cooler weather in August and the cool nights allowed good acidity levels to be maintained, resulting in slow steady ripening. A year of atypical weather but in the end ideal for the production of healthy, very ripe grapes with wonderful freshness."
11939,Chateau Lafite Rothschild (1.5 Liter Magnum) 2009,"Pauillac, Bordeaux, France",Red Wine,97,"A deep bouquet of dark fruit and licorice. The palate is full-bodied and already expressive, but then becomes tighter, expressing power and exuberance. The youth of this Lafite does not hide its energy, but the distinctive elegance and complexity are already there. "
11941,Chateau Lafite Rothschild (1.5 Liter Magnum) 2010,"Pauillac, Bordeaux, France",Red Wine,97,"Fine, concentrated color. Solid and dense on the palate, presenting good structure and well-defined tannins. A long, lingering palate with notes of violets on the finish. The 2010 is an elegant wine with excellent balance."
11943,Chateau Lafite Rothschild (1.5 Liter Magnum) 2016,"Pauillac, Bordeaux, France",Red Wine,98,Blend: 92% Cabernet Sauvignon and 8% Merlot
11947,Chateau Lafite Rothschild 150th Anniversary Edition (1.5 Liter Futures Pre-Sale) 2018,"Pauillac, Bordeaux, France",Red Wine,98,"Lafite has released 300 limited edition cases containing a magnum of the 2018 vintage and the book, “The Almanac,” published in December which looks back at 150 vintages of Lafite, and presents each one with climatic and historic notes and archival material from each specific year. “We built this book to tell the story of Lafite since the Rothschild family has owned it, but also to share more stories about the life of a vintage,” the chairwoman says. “We hope readers will come out of reading it with a better understanding of how a wine grows, from the soil to the vine to the bottle.”"
11956,Chateau Lafite Rothschild 2000,"Pauillac, Bordeaux, France",Red Wine,98,"A relatively early growing season with above average temperatures and normal rainfall. Precipitation at the end of May and early June made the vines subject to mildew, but our technicians were diligent in protecting the grapevines. The end of summer was beautiful, and the dry hot weeks in August and September gave very ripe grapes. "
11962,Chateau Lafite Rothschild 2009,"Pauillac, Bordeaux, France",Red Wine,97,"A deep bouquet of dark fruit and licorice. The palate is full-bodied and already expressive, but then becomes tighter, expressing power and exuberance. The youth of this Lafite does not hide its energy, but the distinctive elegance and complexity are already there. "
11963,Chateau Lafite Rothschild 2010,"Pauillac, Bordeaux, France",Red Wine,97,"Fine, concentrated color. Solid and dense on the palate, presenting good structure and well-defined tannins. A long, lingering palate with notes of violets on the finish. The 2010 is an elegant wine with excellent balance."
11969,Chateau Lafite Rothschild 2016,"Pauillac, Bordeaux, France",Red Wine,98,"Blend: 92% Cabernet Sauvignon, 8% Merlot"
11977,Chateau Lafite Rothschild (3 Liter Bottle) 2009,"Pauillac, Bordeaux, France",Red Wine,97,Ex-Chateau Release
11978,Chateau Lafite Rothschild (3 Liter Bottle) 2010,"Pauillac, Bordeaux, France",Red Wine,97,Ex-Chateau Release
11982,Chateau Lafite Rothschild (6 Liter Bottle) 2000,"Pauillac, Bordeaux, France",Red Wine,97,Ex-Chateau Release
11984,Chateau Lafite Rothschild (6-Pack OWC Futures Pre-Sale) 2018,"Pauillac, Bordeaux, France",Red Wine,98,"Blend: 91% Cabernet Sauvignon, 8.5% Merlot and 0.5% Petit Verdot"
11985,Chateau Lafite Rothschild (6-Pack OWC Futures Pre-Sale) 2019,"Pauillac, Bordeaux, France",Red Wine,99,"The first tastings, after running the wines off skins, leftus amazed : the wines are pure, with a very preciseripe style"
11986,Chateau Lafite Rothschild (Futures Pre-Sale) 2018,"Pauillac, Bordeaux, France",Red Wine,98,"Blend: 91% Cabernet Sauvignon, 8.5% Merlot and 0.5% Petit Verdot"
11987,Chateau Lafite Rothschild (Futures Pre-Sale) 2019,"Pauillac, Bordeaux, France",Red Wine,99,"The first tastings, after running the wines off skins, leftus amazed : the wines are pure, with a very preciseripe style"
11988,Chateau Lafite Rothschild (Slightly scuffed label) 2000,"Pauillac, Bordeaux, France",Red Wine,98,"It was only during the first tastings, during running off, that we discovered the degree of the phenomenon: the finesse, the suppleness, and the complexity of the juices were already impressive. Tastings during the transfer of early wines revealed delicious aromas, with a powerful palate. The early wine had a tannic body and a promising finish. Subtle aromas of currants, leather, tobacco and cedar. Classic cigar box nose, with fruit. Full-bodied, with an amazing texture of silky, ripe tannins. This wine completely coats your palate, but caresses it at the same time."
11989,Chateau Lafite Rothschild (slightly stained label) 2005,"Pauillac, Bordeaux, France",Red Wine,98,"2005 was the fourth consecutive year to have a deficit in rainfall, but the drought began very early, at the end of May, which allowed the vine to adapt itself by reducing its leaves. The very hot weather in June and July gave way to progressively cooler weather in August and the cool nights allowed good acidity levels to be maintained, resulting in slow steady ripening. A year of atypical weather but in the end ideal for the production of healthy, very ripe grapes with wonderful freshness."
11996,Chateau Lafleur 2010,"Pomerol, Bordeaux, France",Red Wine,97,"Blend: 50% Merlot, 50% Cabernet Franc"
12074,Chateau Laroque (Futures Pre-Sale) 2019,"St. Emilion, Bordeaux, France",Red Wine,97,"Superbly located on one of the highest points of Saint-Emilion, Laroque’s limestone terroirs have once again shone through brilliantly in this 2019. They have produced wines that are bright, floral and spicy, with fresh salinity and a noble texture, which are hallmark traits of this estate."
12105,Chateau Latour (1.5 Liter Magnum) 2000,"Pauillac, Bordeaux, France",Red Wine,97,"Impressive deep, dark color. The wine has powerful, balanced structure. The dense structures and the unique qualities of the tannins may be superior to those of the '96 and '90 vintage. The balance of the wine combines class, rigor, complexity and great finesse in the fruit."
12115,Chateau Latour 2000,"Pauillac, Bordeaux, France",Red Wine,97,"Impressive deep, dark color. The wine has powerful, balanced structure. The dense structures and the unique qualities of the tannins may be superior to those of the '96 and '90 vintage. The balance of the wine combines class, rigor, complexity and great finesse in the fruit."
12117,Chateau Latour 2003,"Pauillac, Bordeaux, France",Red Wine,97,"Blend: 75% Cabernet Sauvignon, 20% Merlot, 4% Cabernet Franc, 1% Petit Verdot"
12119,Chateau Latour 2005,"Pauillac, Bordeaux, France",Red Wine,98,Ex-Chateau Release
12121,Chateau Latour 2009,"Pauillac, Bordeaux, France",Red Wine,99,"Great concentration and a previously unseen quantity of tannins characterized the wines, which possessed extraordinary aromatic intensity, freshness and precision. Rich, ripe and mineral, with a very long, lingering finish. An exceptional year which will improve for many years."
12141,Chateau Latour (scuffed label) 2005,"Pauillac, Bordeaux, France",Red Wine,98,"The 2005 vintage demonstrates the superiority of the Cabernet Sauvignon which alone brings body, power, fruit and structure. A wine of great complexity, Chateau Latour notes the dominance of very ripe fruits and its enormous power, filled out with sleek, silky tannins."
12191,Chateau Leoville Las Cases (1.5 Liter Futures Pre-Sale) 2019,"St-Julien, Bordeaux, France",Red Wine,99,"The exceptional qualities of the terroir of the Grand Clos made it possible to erase the climatic excesses. The end of winter brought mild temperatures, followed by a humid and cool spring. The summer conditions were dry and hot, but still within the ten-year average. The vines benefited from a good hydric stress relayed by good thermal amplitudes before the harvest, for an optimal maturation and a maintained acidity. The Leoville Las Cases offers abrilliant fruit with intense aromas, freshness, very tasty and long tannins, all for an exceptional ageing capacity."
12194,Chateau Leoville Las Cases (1.5 Liter Magnum) 2005,"St-Julien, Bordeaux, France",Red Wine,97,"The fruit is harvested by hand. The fermentation vessels include a fascinating mix of wooden, cement and stainless steel vats. When finished the wine is pumped to the barrel cellar. Here it is transferred into oak barrique, between 50% and 100% new for the grand vin, Chateau Léoville-Las-Cases, depending on the vintage."
12195,Chateau Leoville Las Cases (1.5 Liter Magnum) 2016,"St-Julien, Bordeaux, France",Red Wine,97,"Blend: 75% Cabernet Sauvignon, 14% Merlot and 11% Cabernet Franc"
12196,Chateau Leoville Las Cases (1.5 Liter Magnum) 2018,"St-Julien, Bordeaux, France",Red Wine,98,"The Grand Vin is the product of exceptional terroirs from the former Léoville estate.  These terroirs are located mainly in the Clos Léoville Las Cases, which you pass as you leave Saint- Julien village for Pauillac. They extend over nearly 60ha producing Cabernet Sauvignons and Cabernet Francs with a complex, polished expression and characteristics which are totally unique to the Grand Vin of Léoville du Marquis de Las Cases and have been widely recognized for years. "
12207,Chateau Leoville Las Cases 2000,"St-Julien, Bordeaux, France",Red Wine,98,"Chateau Leoville Las Cases is one of the largest and oldest classified growths in the Medoc region of France. The fruit is harvested by hand. The fermentation vessels include a fascinating mix of wooden, cement and stainless steel vats. When finished the wine is pumped to the barrel cellar. Here it is transferred into oak barrique, between 50% and 100% new for the grand vin, depending on the vintage. "
12210,Chateau Leoville Las Cases 2005,"St-Julien, Bordeaux, France",Red Wine,97,"The fruit is harvested by hand.  The fermentation vessels include a fascinating mix of wooden, cement and stainless steel vats.  When finished the wine is pumped to the barrel cellar.  Here it is transferred into oak barrique, between 50% and 100% new for the grand vin, Chateau Léoville-Las-Cases, depending on the vintage. "
12213,Chateau Leoville Las Cases 2009,"St-Julien, Bordeaux, France",Red Wine,98,"Chateau Leoville Las Cases is one of the largest and oldest classified growths in the Medoc region of France. The fruit is harvested by hand. The fermentation vessels include a fascinating mix of wooden, cement and stainless steel vats. When finished the wine is pumped to the barrel cellar. Here it is transferred into oak barrique, between 50% and 100% new for the grand vin, depending on the vintage. "
12214,Chateau Leoville Las Cases 2010,"St-Julien, Bordeaux, France",Red Wine,97,"Chateau Leoville Las Cases is one of the largest and oldest classified growths in the Medoc region of France. The fruit is harvested by hand. The fermentation vessels include a fascinating mix of wooden, cement and stainless steel vats. When finished the wine is pumped to the barrel cellar. Here it is transferred into oak barrique, between 50% and 100% new for the grand vin, depending on the vintage. "
12217,Chateau Leoville Las Cases 2015,"St-Julien, Bordeaux, France",Red Wine,97,"The Grand Vin is the product of exceptional terroirs from the former Léoville estate.  These terroirs are located mainly in the Clos Léoville Las Cases, which you pass as you leave Saint- Julien village for Pauillac. They extend over nearly 60ha producing Cabernet Sauvignons and Cabernet Francs with a complex, polished expression and characteristics which are totally unique to the Grand Vin of Léoville du Marquis de Las Cases and have been widely recognized for years."
12218,Chateau Leoville Las Cases 2016,"St-Julien, Bordeaux, France",Red Wine,97,"Blend: 75% Cabernet Sauvignon, 14% Merlot and 11% Cabernet Franc"
12221,Chateau Leoville Las Cases (6-Pack OWC Futures Pre-Sale) 2019,"St-Julien, Bordeaux, France",Red Wine,99,"The exceptional qualities of the terroir of the Grand Clos made it possible to erase the climatic excesses. The end of winter brought mild temperatures, followed by a humid and cool spring. The summer conditions were dry and hot, but still within the ten-year average. The vines benefited from a good hydric stress relayed by good thermal amplitudes before the harvest, for an optimal maturation and a maintained acidity. The Leoville Las Cases offers abrilliant fruit with intense aromas, freshness, very tasty and long tannins, all for an exceptional ageing capacity."
12224,Chateau Leoville Las Cases (Futures Pre-Sale) 2019,"St-Julien, Bordeaux, France",Red Wine,99,"The exceptional qualities of the terroir of the Grand Clos made it possible to erase the climatic excesses. The end of winter brought mild temperatures, followed by a humid and cool spring. The summer conditions were dry and hot, but still within the ten-year average. The vines benefited from a good hydric stress relayed by good thermal amplitudes before the harvest, for an optimal maturation and a maintained acidity. The Leoville Las Cases offers abrilliant fruit with intense aromas, freshness, very tasty and long tannins, all for an exceptional ageing capacity."
12311,Chateau L'Evangile 2009,"Pomerol, Bordeaux, France",Red Wine,97,"The fine wine from Château L'Evangile is described in an old edition of ""Grand vins de Bordeaux"" (Dussault Press) as ""...full and elegant wines, with an unmistakable finesse and bouquet."" For many fans, the subtle and elegant quality is indeed the mark of this wine. "
12319,Chateau L'Evangile (Futures Pre-Sale) 2019,"Pomerol, Bordeaux, France",Red Wine,98,"Blend: 83.5% Merlot, 16% Cabernet Franc, 0.5% Cabernet Sauvignon"
12332,Chateau Lynch-Bages (1.5 Liter Futures Pre-Sale) 2019,"Pauillac, Bordeaux, France",Red Wine,97,"The Chateau Lynch Bages 2019 is in line with the previous wines of the property with a blend dominated by Cabernet Sauvignon. This great Bordeaux wine offers a characteristic fruity nose with fresh and spicy notes, as well as fine woody notes. The smooth and balanced palate is supported by a beautifully dense and powerful tannic structure, providing plenty of precision and fruit."
12355,Chateau Lynch-Bages 6-Pack OWC (Futures Pre-Sale) 2019,"Pauillac, Bordeaux, France",Red Wine,97,"The Chateau Lynch Bages 2019 is in line with the previous wines of the property with a blend dominated by Cabernet Sauvignon. This great Bordeaux wine offers a characteristic fruity nose with fresh and spicy notes, as well as fine woody notes. The smooth and balanced palate is supported by a beautifully dense and powerful tannic structure, providing plenty of precision and fruit."
12365,Chateau Lynch-Bages (Futures Pre-Sale) 2019,"Pauillac, Bordeaux, France",Red Wine,97,"The Chateau Lynch Bages 2019 is in line with the previous wines of the property with a blend dominated by Cabernet Sauvignon. This great Bordeaux wine offers a characteristic fruity nose with fresh and spicy notes, as well as fine woody notes. The smooth and balanced palate is supported by a beautifully dense and powerful tannic structure, providing plenty of precision and fruit."
12434,Chateau Margaux (1.5 Liter Magnum) 2015,"Margaux, Bordeaux, France",Red Wine,99,"2015 was, literally, an historic year at Château Margaux. We celebrated the bicentenary of the Estate’s buildings dating from 1815, and the inauguration of the new facilities, designed or reorganised, by Norman Foster. It is easy to imagine how much we dreamed that 2015 would be a great vintage! Without doubt, some of the result is owed to decisions made at the time of blending; only 35% of the harvest went into the first wine, which was a record of severity for a vintage of this standard. As usual, it was the Cabernet Sauvignon in first place with 87% of the blend; in addition to its concentration and finesse, this year it has an unusual vigour and strength. The Merlot has nothing to be ashamed of, at least in the great plots; it makes up 8% of the first wine. Cabernet Franc (3%) and Petit Verdot (2%) also find their place in this elitist blend, which confirms that, enable all grape varieties to express their own propensity. How can we compare 2015 to its predecessors? It is a thankless task, and a little futile, particularly for the great vintages. There are, of course, similarities, affinities, and also some differences where we do not expect to find them… But we can evoke a combination of the strength of 2005, the flesh of 2009, the subtlety of 2010, and the inimitable charm of Château Margaux. (April 2016)"
12440,Chateau Margaux 1989,"Margaux, Bordeaux, France",Red Wine,97,"The evolution of the wine has confirmed the early expectations for this fabulous vintage. Richness, complexity and opulence could be the key words to describe this exceptional wine, rather close in style to the 1982; its evolution will be fascinating to follow."
12448,Chateau Margaux 2000,"Margaux, Bordeaux, France",Red Wine,98,"We were unaware at that time that we were harvesting one of the greatest vintages of the late 20th century. The grapes had rarely, perhaps never, been as concentrated, particularly the Cabernets. In certain cases we surpassed the already historic levels of the 1986 and 1995 vintages, with an elegance and softness on the palate, reminiscent also of the 1990 and 1996 vintages. It seemed in fact that 2000 was setting a new benchmark in quality, never before attained, at least in terms of style. Throughout the barrel ageing time, these first impressions were gradually confirmed. The wine has now acquired a slightly tighter texture and at the same time keeps such a soft and especially long finish that it seems to go on forever… The bottling took place in November 2002, after over 2 years of barrel ageing. Such a long ageing is unusual but not as rare as one might think: most of the greatest vintages are aged for that length of time. (May 2010)"
12450,Chateau Margaux 2009,"Margaux, Bordeaux, France",Red Wine,97,"In 2009, mother nature surpassed herself. She allowed the greatest terroirs, whatever their grape variety, to bring their fruit to exceptional ripeness, providing a wine of wonderful concentration, finesse, balance and freshness. The Cabernet has no equivalent other than 2005, but it is more tender. The only two batches of Merlot that were kept have no equivalent at all. As for the Cabernet Franc and the Petit Verdot, they performed at their highest levels. "
12451,Chateau Margaux 2010,"Margaux, Bordeaux, France",Red Wine,98,"Unbelievable as it may sound, Château Margaux 2010 is at least as great a vintage as 2009. Once again, the Cabernet Sauvignon made the most of this very dry and cool year. With as much as 90% in the blend, the Cabernet makes the wine, providing it with exceptional aromatic finesse, restrained power and subtle freshness. Château Margaux 2010 is sheer magic – think classic, with a twist. Classic indeed, thanks to its purity, finesse and soft and refreshing finish. Add to these qualities astonishing aromatic complexity and outstanding power and the result is an exceptional year. Technology and stringent selection make it a “modern” wine, while its magnitude and charm ensure a timeless Château Margaux vintage. This 2010 is beyond the realms of time and fickle fashions. "
12454,Chateau Margaux 2015,"Margaux, Bordeaux, France",Red Wine,99,"2015 was, literally, an historic year at Château Margaux. We celebrated the bicentenary of the Estate’s buildings dating from 1815, and the inauguration of the new facilities, designed or reorganised, by Norman Foster. It is easy to imagine how much we dreamed that 2015 would be a great vintage! Without doubt, some of the result is owed to decisions made at the time of blending; only 35% of the harvest went into the first wine, which was a record of severity for a vintage of this standard. As usual, it was the Cabernet Sauvignon in first place with 87% of the blend; in addition to its concentration and finesse, this year it has an unusual vigour and strength. The Merlot has nothing to be ashamed of, at least in the great plots; it makes up 8% of the first wine. Cabernet Franc (3%) and Petit Verdot (2%) also find their place in this elitist blend, which confirms that, enable all grape varieties to express their own propensity. How can we compare 2015 to its predecessors? It is a thankless task, and a little futile, particularly for the great vintages. There are, of course, similarities, affinities, and also some differences where we do not expect to find them… But we can evoke a combination of the strength of 2005, the flesh of 2009, the subtlety of 2010, and the inimitable charm of Château Margaux. (April 2016)"
12455,Chateau Margaux 2016,"Margaux, Bordeaux, France",Red Wine,97,"Blend: 94% Cabernet Sauvignon, 3% Cabernet Franc, 2% Merlot, 1% Petit Verdot "
12459,Chateau Margaux 6-Pack OWC (Futures Pre-Sale) 2018,"Margaux, Bordeaux, France",Red Wine,99,"Chateau Margaux 2018 is remarkably concentrated. A small grape size and relatively low yields largely explain the exceptionally high tannin indices. The wine's power is not, however, overwhelming and helps to considerably lengthen the aromas and structure of the finish. Fairly early in the wine-making process, we understood this tannic potential and moderated our extraction programs including for our Merlot plots, which are usually less dense than our fine Cabernet Sauvignon wines.  "
12460,Chateau Margaux (Futures Pre-Sale) 2018,"Margaux, Bordeaux, France",Red Wine,99,"Chateau Margaux 2018 is remarkably concentrated. A small grape size and relatively low yields largely explain the exceptionally high tannin indices. The wine's power is not, however, overwhelming and helps to considerably lengthen the aromas and structure of the finish. Fairly early in the wine-making process, we understood this tannic potential and moderated our extraction programs including for our Merlot plots, which are usually less dense than our fine Cabernet Sauvignon wines.  "
12461,Chateau Margaux (half-bottle) 1996,"Margaux, Bordeaux, France",Red Wine,99,"An unusual end of summer - distinctly drier and cooler than average - has given birth to a wine whose classicism and purity already stand out. It is indeed very rare for the Cabernet Sauvignon to reach such perfection, such balance. Even rarer still is to see so young a Château Margaux with such astonishing richness, intense fruit and harmony of form. A dream."
12620,Chateau Montelena Estate Cabernet Sauvignon 1987,"Calistoga, Napa Valley, California",Red Wine,98,"The very low yields from our estate Cabernet vineyard make this wine the essence of Chateau Montelena. The unique characteristics - the ""terroir"" ­of Montelena Cabernet are concentrated and extraor­dinarily preeminent in this wine. Beginning with the deeply-tinted color, the nose follows with waves of constantly changing aroma: dried fruits, roses and vio­lets, the rocky vineyard soil, cassis and leather, and the oak and cellar aromas particular to Montelena Cabernet. "
12674,Chateau Montrose (1.5 Liter Futures Pre-Sale) 2018,"St. Estephe, Bordeaux, France",Red Wine,98,"2018 marks an important step in the conversion of our vineyard to organic viticulture. The weather conditions resulted in strong pressure from parasites, requiring extreme vigilance. Vineyard management was complex, therefore, but the direction of our environmental approach was firmly maintained. The fine weather and heat at the end of summer, comparable to 2009, made the vintage, which expressed incredible potential in the cellar. The first tastings show the signs of a very great vintage, a subtle combination of the fruity aromatic profile of the 2009 and the precision of the 2016. "
12703,Chateau Montrose (6-Pack OWC Futures Pre-Sale) 2018,"St. Estephe, Bordeaux, France",Red Wine,98,"2018 marks an important step in the conversion of our vineyard to organic viticulture. The weather conditions resulted in strong pressure from parasites, requiring extreme vigilance. Vineyard management was complex, therefore, but the direction of our environmental approach was firmly maintained. The fine weather and heat at the end of summer, comparable to 2009, made the vintage, which expressed incredible potential in the cellar. The first tastings show the signs of a very great vintage, a subtle combination of the fruity aromatic profile of the 2009 and the precision of the 2016. "
12704,Chateau Montrose (Futures Pre-Sale) 2018,"St. Estephe, Bordeaux, France",Red Wine,98,"2018 marks an important step in the conversion of our vineyard to organic viticulture. The weather conditions resulted in strong pressure from parasites, requiring extreme vigilance. Vineyard management was complex, therefore, but the direction of our environmental approach was firmly maintained. The fine weather and heat at the end of summer, comparable to 2009, made the vintage, which expressed incredible potential in the cellar. The first tastings show the signs of a very great vintage, a subtle combination of the fruity aromatic profile of the 2009 and the precision of the 2016. "
12721,Chateau Mouton Rothschild (1.5 Liter Magnum) 1982,"Pauillac, Bordeaux, France",Red Wine,98,"Luscious black currant flavored Cabernet fruit makes Mouton beguilingly easy to drink. Rich Complex flavors, powerful ripe tannins and an extremely long finish are all hallmarks of this wine. "
12722,Chateau Mouton Rothschild (1.5 Liter Futures Pre-Sale) 2019,"Pauillac, Bordeaux, France",Red Wine,99,"The wine is an intense garnet red with purplish hue. Fresh, highly expressive and precise on the nose, it reveals blackberry, black cherry and licorice aromas with a slightly mineral cast. It is smooth and opulent on the palate, with an attractive sweetness, enfolding superbly patrician, rounded and powerful tannins. Beautifully rich overall, it culminates in a stylish, succulent and very harmonious finish."
12731,Chateau Mouton Rothschild 1986,"Pauillac, Bordeaux, France",Red Wine,99,"Luscious black currant flavored Cabernet fruit makes Mouton beguilingly easy to drink. Rich Complex flavors, powerful ripe tannins and an extremely long finish are all hallmarks of this wine. "
12741,Chateau Mouton Rothschild 2010,"Pauillac, Bordeaux, France",Red Wine,98,"The wine is a dark and intense red with a blueish tint. With Cabernet Sauvignon predominant, it displays a complex range of aromas. From lightly toasted vanilla notes, the nose opens with airing to reveal fruit aromas, especially blackcurrant and black cherry. Powerful and well-integrated tannins reveal exceptional depth and roundness on the palate, ending on a fresh and mineral finish. Length, elegance, harmony: Mouton Rothschild 2010 promises to be a remarkable vintage – and a worthy successor to the 2009! "
12748,Chateau Mouton Rothschild (375ML half-bottle) 1986,"Pauillac, Bordeaux, France",Red Wine,97,"Luscious black currant flavored Cabernet fruit makes Mouton beguilingly easy to drink. Rich Complex flavors, powerful ripe tannins and an extremely long finish are all hallmarks of this wine. "
12750,Chateau Mouton Rothschild 6-Pack OWC (Futures Pre-Sale) 2019,"Pauillac, Bordeaux, France",Red Wine,99,"The wine is an intense garnet red with purplish hue. Fresh, highly expressive and precise on the nose, it reveals blackberry, black cherry and licorice aromas with a slightly mineral cast. It is smooth and opulent on the palate, with an attractive sweetness, enfolding superbly patrician, rounded and powerful tannins. Beautifully rich overall, it culminates in a stylish, succulent and very harmonious finish."
12753,Chateau Mouton Rothschild (Futures Pre-Sale) 2019,"Pauillac, Bordeaux, France",Red Wine,99,"The wine is an intense garnet red with purplish hue. Fresh, highly expressive and precise on the nose, it reveals blackberry, black cherry and licorice aromas with a slightly mineral cast. It is smooth and opulent on the palate, with an attractive sweetness, enfolding superbly patrician, rounded and powerful tannins. Beautifully rich overall, it culminates in a stylish, succulent and very harmonious finish."
12764,Chateau Mouton Rothschild (top shoulder fill) 1982,"Pauillac, Bordeaux, France",Red Wine,98,"Best known as a film director, but also a boxer, art lover, writer, horsetrainer, big-game hunter and actor, John Huston (1906-1987) was a talented painter from an early age. His dedication: “In celebration of my beloved friend Baron Philippe’s sixtieth harvest at Mouton”, bears witness both to his affection for the man and his attachment to a place that clearly enchanted him."
12804,Chateau Palmer (1.5 Liter Magnum Futures Pre-Sale) 2018,"Margaux, Bordeaux, France",Red Wine,99,"Blend: 53% Cabernet Sauvignon, 40% Merlot and 7% Petit Verdot"
12825,Chateau Palmer (Futures Pre-Sale) 2018,"Margaux, Bordeaux, France",Red Wine,99,"Blend: 53% Cabernet Sauvignon, 40% Merlot and 7% Petit Verdot"
12828,Chateau Pape Clement (1.5 Liter Futures Pre-Sale) 2019,"Pessac-Leognan, Bordeaux, France",Red Wine,98,"Blend: 55% Cabernet Sauvignon, 40% Merlot, 3% Cabernet Franc"
12844,Chateau Pape Clement 6-Pack OWC (Futures Pre-Sale) 2019,"Pessac-Leognan, Bordeaux, France",Red Wine,98,"Blend: 55% Cabernet Sauvignon, 40% Merlot, 3% Cabernet Franc"
12852,Chateau Pape Clement (Futures Pre-Sale) 2019,"Pessac-Leognan, Bordeaux, France",Red Wine,98,"Blend: 55% Cabernet Sauvignon, 40% Merlot, 3% Cabernet Franc"
12856,Chateau Pavie (1.5 Liter Futures Pre-Sale) 2018,"St. Emilion, Bordeaux, France",Red Wine,99,"Blend: 60% Merlot, 22% Cabernet Franc and 18% Cabernet Sauvignon"
12857,Chateau Pavie (1.5 Liter Futures Pre-Sale) 2019,"St. Emilion, Bordeaux, France",Red Wine,99,"Blend: 50% Merlot, 32% Cabernet Franc, 18% Cabernet Sauvignon"
12859,Chateau Pavie (1.5 Liter Magnum) 2005,"St. Emilion, Bordeaux, France",Red Wine,98,"This is the eighth vintage of Pavie produced under the ownership of Mme. and Mr. Perse, and it was a classic year which demonstrated that the château has a truly exceptional terroir. The color is a deep and dense purple, with violet highlights which underscore the wine's youth. Its clean aromas highlight good intensity and well-defined fruitiness. Black currants, blueberries and assorted black fruit are present, together with flattering chocolate and spicy notes derived from careful aging in barrel. The first impression on the palate is faultless, and the quality of the vintage becomes evident as its taste evolves. The wine shows a full body, both tight and supple at once. Everything comes together to create an exemplary balance. The tannins are fine-grained, with a structure which ensures a long and brilliant future. The wine's class and nobility express the care taken during vinification to respect the vintage's potential. The finish is mouth-watering and long, worthy of a great Saint-Emilion.  "
12868,Chateau Pavie 2003,"St. Emilion, Bordeaux, France",Red Wine,97,"This wine will long be remembered because there was a controversy surrounding its degree of ripeness. The color is deep crimson, bordering on black. The nose reflects the hot summer, with a very concentrated bouquet of blackberry, juicy cherries, jam, and a touch of understated toasty aromas that take a back seat to the ripe fruit. "
12873,Chateau Pavie 2010,"St. Emilion, Bordeaux, France",Red Wine,98,"Chateau Pavie's large production has made it more easily available than many other red Bordeaux. It is one of the best-known St. Emilions, vinified in a slightly lighter, more elegant style. With moderate red currant fruit in the nose, plus earth and spice, it can be peppery, spicy, or even leafy with hints of red cherries. Like other wineries in the côtes of St. Emilion, Chateau Pavie makes firm wines that are restrained and austere when young. The occasionally severe tannins mature with age into a fine sinewy structure. The better vintages are deep, intense, and concentrated. They mature 7-20 years after the vintage."
12880,Chateau Pavie (3 Liter Bottle) 2005,"St. Emilion, Bordeaux, France",Red Wine,98,"This is the eighth vintage of Pavie produced under the ownership of Mme. and Mr. Perse, and it was a classic year which demonstrated that the chateau has a truly exceptional terroir. The color is a deep and dense purple, with violet highlights which underscore the wine's youth. Its clean aromas highlight good intensity and well-defined fruitiness. Black currants, blueberries and assorted black fruit are present, together with flattering chocolate and spicy notes derived from careful aging in barrel. The first impression on the palate is faultless, and the quality of the vintage becomes evident as its taste evolves. The wine shows a full body, both tight and supple at once. Everything comes together to create an exemplary balance. The tannins are fine-grained, with a structure which ensures a long and brilliant future. The wine's class and nobility express the care taken during vinification to respect the vintage's potential. The finish is mouth-watering and long, worthy of a great Saint-Emilion.  "
12882,Chateau Pavie (6 Liter Bottle) 2005,"St. Emilion, Bordeaux, France",Red Wine,98,"This is the eighth vintage of Pavie produced under the ownership of Mme. and Mr. Perse, and it was a classic year which demonstrated that the chateau has a truly exceptional terroir. The color is a deep and dense purple, with violet highlights which underscore the wine's youth. Its clean aromas highlight good intensity and well-defined fruitiness. Black currants, blueberries and assorted black fruit are present, together with flattering chocolate and spicy notes derived from careful aging in barrel. The first impression on the palate is faultless, and the quality of the vintage becomes evident as its taste evolves. The wine shows a full body, both tight and supple at once. Everything comes together to create an exemplary balance. The tannins are fine-grained, with a structure which ensures a long and brilliant future. The wine's class and nobility express the care taken during vinification to respect the vintage's potential. The finish is mouth-watering and long, worthy of a great Saint-Emilion.  "
12883,Chateau Pavie (6-Pack OWC Futures Pre-Sale) 2018,"St. Emilion, Bordeaux, France",Red Wine,99,"Blend: 60% Merlot, 22% Cabernet Franc and 18% Cabernet Sauvignon"
12884,Chateau Pavie (6-Pack OWC Futures Pre-Sale) 2019,"St. Emilion, Bordeaux, France",Red Wine,99,"Blend: 50% Merlot, 32% Cabernet Franc, 18% Cabernet Sauvignon"
12896,Chateau Pavie Decesse (Futures Pre-Sale) 2018,"St. Emilion, Bordeaux, France",Red Wine,98,Blend: 90% Merlot and 10% Cabernet Franc
12899,Chateau Pavie (Futures Pre-Sale) 2018,"St. Emilion, Bordeaux, France",Red Wine,99,"Blend: 60% Merlot, 22% Cabernet Franc and 18% Cabernet Sauvignon"
12900,Chateau Pavie (Futures Pre-Sale) 2019,"St. Emilion, Bordeaux, France",Red Wine,99,"Blend: 50% Merlot, 32% Cabernet Franc, 18% Cabernet Sauvignon"
12901,Chateau Pavie Macquin (1.5 Liter Futures Pre-Sale) 2019,"St. Emilion, Bordeaux, France",Red Wine,97,"Blend: 78% Merlot, 20% Cabernet Franc, 2% Cabernet Sauvignon"
12915,Chateau Pavie Macquin (6-Pack OWC Futures Pre-Sale) 2019,"St. Emilion, Bordeaux, France",Red Wine,97,"Blend: 78% Merlot, 20% Cabernet Franc, 2% Cabernet Sauvignon"
12916,Chateau Pavie Macquin (Futures Pre-Sale) 2019,"St. Emilion, Bordeaux, France",Red Wine,97,"Blend: 78% Merlot, 20% Cabernet Franc, 2% Cabernet Sauvignon"
12976,Chateau Petrus 1990,"Pomerol, Bordeaux, France",Red Wine,98,"Petrus displays an intense color, a rich and complex nose and an opulent fruit."
12985,Chateau Petrus 2009,"Pomerol, Bordeaux, France",Red Wine,99,"Petrus displays an intense color, a rich and complex nose and an opulent fruit.  In great vintages, the wine can easily be kept 25 years or more."
13015,Chateau Pichon-Longueville Baron (1.5 Liter Futures Pre-Sale) 2019,"Pauillac, Bordeaux, France",Red Wine,99,"Our Grand Vin Château Pichon Baron 2nd Grand Cru Classé in 1855 comes from the very oldest vines grown on the historic plots of the estate. This authentic Pauillac offers an amazing sensory experience with its black fruit flavors and spicy hints. Château Pichon Baron shows great elegance, intensity and exceptional length on the palate. It is a wine that improves year after year and can age for over 40 years in the cellar."
13035,Chateau Pichon-Longueville Baron 2018,"Pauillac, Bordeaux, France",Red Wine,98,"Our Grand Vin Château Pichon Baron 2nd Grand Cru Classé in 1855 comes from the very oldest vines grown on the historic plots of the estate. This authentic Pauillac offers an amazing sensory experience with its black fruit flavours and spicy hints. Château Pichon Baron shows great elegance, intensity and exceptional length on the palate. It is a wine that improves year after year and can age for over 40 years in the cellar. "
13038,Chateau Pichon-Longueville Baron (6-Pack OWC Futures Pre-Sale) 2019,"Pauillac, Bordeaux, France",Red Wine,99,"Our Grand Vin Château Pichon Baron 2nd Grand Cru Classé in 1855 comes from the very oldest vines grown on the historic plots of the estate. This authentic Pauillac offers an amazing sensory experience with its black fruit flavors and spicy hints. Château Pichon Baron shows great elegance, intensity and exceptional length on the palate. It is a wine that improves year after year and can age for over 40 years in the cellar."
13039,Chateau Pichon-Longueville Baron (Futures Pre-Sale) 2019,"Pauillac, Bordeaux, France",Red Wine,99,"Our Grand Vin Château Pichon Baron 2nd Grand Cru Classé in 1855 comes from the very oldest vines grown on the historic plots of the estate. This authentic Pauillac offers an amazing sensory experience with its black fruit flavors and spicy hints. Château Pichon Baron shows great elegance, intensity and exceptional length on the palate. It is a wine that improves year after year and can age for over 40 years in the cellar."
13044,Chateau Pichon Longueville Comtesse de Lalande (1.5 Liter Futures Pre-Sale) 2018,"Pauillac, Bordeaux, France",Red Wine,98,"Blend: 71% Cabernet Sauvignon, 23% Merlot, 5% Cabernet Franc, 1% Petit Verdot"
13045,Chateau Pichon Longueville Comtesse de Lalande (1.5 Liter Futures Pre-Sale) 2019,"Pauillac, Bordeaux, France",Red Wine,98,The Barrel Sample for this wine is above 14% ABV. 
13066,Chateau Pichon Longueville Comtesse de Lalande (6-Pack OWC Futures Pre-Sale) 2018,"Pauillac, Bordeaux, France",Red Wine,98,"Blend: 71% Cabernet Sauvignon, 23% Merlot, 5% Cabernet Franc, 1% Petit Verdot"
13067,Chateau Pichon Longueville Comtesse de Lalande (6-Pack OWC Futures Pre-Sale) 2019,"Pauillac, Bordeaux, France",Red Wine,98,The Barrel Sample for this wine is above 14% ABV. 
13070,Chateau Pichon Longueville Comtesse de Lalande (Futures Pre-Sale) 2018,"Pauillac, Bordeaux, France",Red Wine,98,"Blend: 71% Cabernet Sauvignon, 23% Merlot, 5% Cabernet Franc, 1% Petit Verdot"
13071,Chateau Pichon Longueville Comtesse de Lalande (Futures Pre-Sale) 2019,"Pauillac, Bordeaux, France",Red Wine,98,The Barrel Sample for this wine is above 14% ABV. 
13090,Chateau Pontet-Canet (1.5 Liter Futures Pre-Sale) 2019,"Pauillac, Bordeaux, France",Red Wine,99,"Blend: 65% Cabernet Sauvignon, 30% Merlot, 3% Cabernet Franc, 2% Petit Verdot"
13105,Chateau Pontet-Canet 2010,"Pauillac, Bordeaux, France",Red Wine,97,"Purple color, almost black. The very complex aromas have a vibrant character, dominated by notes of violet, blackberry, red currant and cherry, among others. There's complete harmony in the mouth, with a straightforward structure and impressive length. It is both dense and etherial. This is surely the greatest Pontet-Canet in modern times."
13114,Chateau Pontet-Canet (6-Pack OWC Futures Pre-Sale) 2019,"Pauillac, Bordeaux, France",Red Wine,99,"Blend: 65% Cabernet Sauvignon, 30% Merlot, 3% Cabernet Franc, 2% Petit Verdot"
13116,Chateau Pontet-Canet (Futures Pre-Sale) 2019,"Pauillac, Bordeaux, France",Red Wine,99,"Blend: 65% Cabernet Sauvignon, 30% Merlot, 3% Cabernet Franc, 2% Petit Verdot"
13193,Chateau Rayas Chateaneuf-du-Pape Reserve 2005,"Chateauneuf-du-Pape, Rhone, France",Red Wine,97,"""There are no signs on the dusty, narrow, dirt roads of Southern Rhône's Châteauneuf-du-Pape directing you to Château Rayas,"" writes Per-Henrik Mansson. ""That's no accident. The late Louis Reynaud and his late son, Jacques, used to do all they could to keep unsolicited visitors at bay. Now, Louis' grandson, Emmanuel Reynaud, is doing his part to uphold the tradition."""
13226,Chateau Rieussec Sauternes (half-bottle) 2001,"Sauternes, Bordeaux, France",Collectible,99,Number 1 of 
13227,Chateau Rieussec Sauternes (stained label) 1990,"Sauternes, Bordeaux, France",Collectible,97,"The property is planted 80% of Sémillon, 18% Sauvignon and 2% Muscadelle. The method of picking is quite unique. From October to December, the pickers pass through the whole vineyard, time after time, selecting one by one the grapes which have reached the right state of noble rot. It is only at such a price that the necessary concentration of sweetness can be reached to make the Sauternes wines. After fermentation,  the wines spend 18 to 30 months in oak barrels renewed each year,"
13310,Chateau Smith Haut Lafitte (1.5 Liter Futures Pre-Sale) 2019,"Pessac-Leognan, Bordeaux, France",Red Wine,98,The Barrel Sample for this wine is above 14% ABV. 
13317,Chateau Smith Haut Lafitte (1.5 Liter Magnum) 2018,"Pessac-Leognan, Bordeaux, France",Red Wine,97,"Very deep, intense black color. The nose is already expressive with a mix of red and black (blackberry, blackcurrant, cherry, raspberry) and spices, characteristic of perfectly ripe grapes. Swirling in the glass reveals considerable complexity with delicate floral notes, sweet spices, and gunflint. The wine starts out broad-based, concentrated, and powerful on the palate. The tannin is rich without compromising on freshness, balance, and delicate flavors. The expression ""an iron first in a velvevt glove"" perfectly sums up this wine! "
13337,Chateau Smith Haut Lafitte (6-Pack OWC Futures Pre-Sale) 2018,"Pessac-Leognan, Bordeaux, France",Red Wine,97,"Very deep, intense black color. The nose is already expressive with a mix of red and black (blackberry, blackcurrant, cherry, raspberry) and spices, characteristic of perfectly ripe grapes. Swirling in the glass reveals considerable complexity with delicate floral notes, sweet spices, and gunflint. The wine starts out broad-based, concentrated, and powerful on the palate. The tannin is rich without compromising on freshness, balance, and delicate flavors. The expression ""an iron first in a velvevt glove"" perfectly sums up this wine! "
13338,Chateau Smith Haut Lafitte (6-Pack OWC Futures Pre-Sale) 2019,"Pessac-Leognan, Bordeaux, France",Red Wine,98,The Barrel Sample for this wine is above 14% ABV. 
13348,Chateau Smith Haut Lafitte (Futures Pre-Sale) 2018,"Pessac-Leognan, Bordeaux, France",Red Wine,97,"Very deep, intense black color. The nose is already expressive with a mix of red and black (blackberry, blackcurrant, cherry, raspberry) and spices, characteristic of perfectly ripe grapes. Swirling in the glass reveals considerable complexity with delicate floral notes, sweet spices, and gunflint. The wine starts out broad-based, concentrated, and powerful on the palate. The tannin is rich without compromising on freshness, balance, and delicate flavors. The expression ""an iron first in a velvevt glove"" perfectly sums up this wine! "
13349,Chateau Smith Haut Lafitte (Futures Pre-Sale) 2019,"Pessac-Leognan, Bordeaux, France",Red Wine,98,The Barrel Sample for this wine is above 14% ABV. 
13492,Chateau St. Jean Sonoma County Reserve Chardonnay 2002,"Sonoma County, California",White Wine,98,Selected as the highest-rated Chardonnay for the 2002 vintage by 
13764,Chateau Suduiraut (375ML half-bottle) 2001,"Sauternes, Bordeaux, France",Collectible,98, 
13853,Chateau Troplong Mondot (Futures Pre-Sale) 2019,"St. Emilion, Bordeaux, France",Red Wine,98,The Barrel Sample for this wine is above 14% ABV. 
13859,Chateau Trotanoy 2009,"Pomerol, Bordeaux, France",Red Wine,97,"For pairing with Bordeaux, look for the more refined and simply prepared cuts such as loin chops, rib chops and a rack of lamb. These classic dishes can be a divine pairing with Bordeaux. More aromatic, rustic and spicy preparations of lamb often call for a wine with a bit more of a chewy, rustic and herbal character."
13863,Chateau Trotte Vieille (Futures Pre-Sale) 2019,"St. Emilion, Bordeaux, France",Red Wine,97,"Blend: 49% Cabernet Franc, 48% Merlot, 3% Cabernet Sauvignon"
13868,Chateau Valandraud (Futures Pre-Sale) 2019,"St. Emilion, Bordeaux, France",Red Wine,97,"Blend: 90% Merlot, 7% Cabernet Franc, 3% Cabernet Sauvignon"
14044,Chris Ringland Shiraz 1998,"Barossa Valley, Barossa, South Australia, Australia",Red Wine,99,"We only get one bottle each year of the 1200 made.  Enjoy!A compelling effort from Chris Ringland (the name Three Rivers was dropped because of trademark litigation), this is his classic 1,200 bottle Shiraz cuvee from a 90-year old Barossa vineyard that yielded only one ton of fruit per acre. Aged in 300 liter French hogsheads (100% new) for 42 months prior to bottling, this is a prodigious offering from an exceptional vintage for South Australia. An inky purple color is followed by a gorgeous nose of minerals, blackberry liqueur, barbecue spices, sweet licorice, and a hint of white flowers. Remarkably concentrated, full-bodied, and unctuously-textured, its purity, definition, and compelling palate persistence as well as complexity are awesome. This is a magical wine from a winemaker who is a master craftsman. Anticipated maturity: 2008-2020+."
14045,Chris Ringland Shiraz 1999,"Barossa Valley, Barossa, South Australia, Australia",Red Wine,98,"We only get one bottle each year of the 1200 made.  Enjoy!The name Three Rivers was dropped because of trademark litigation.The Three Rivers Shiraz, which is aged 42 months in 100% new French oak, and is rarely racked until bottling, represents an extraordinary expression of Barossa Shiraz. The intense 1999, released in 2004, demonstrates that this vintage is somewhat underrated after all the hype over 1998. From a vineyard planted in 1910, its inky/purple color is accompanied by aromas of lavender, lard, smoke, licorice, blackberries, cassis, espresso roast, chocolate, and pepper. Full-bodied, slightly less voluminous than the perfect 1998, with an unctuous texture, sweet tannin, and a 70+ second finish, this magnificent, still young Shiraz should be accessible in 3-5 years, and last for two decades."
14121,Ciacci Piccolomini d'Aragona Brunello di Montalcino Pianrosso 1997,"Montalcino, Tuscany, Italy",Red Wine,97,"The bouquet is intense, complex, fruit-forward and spicy with hints of ripe red berry fruits enriched by various spicy notes. Warm, soft and harmonic on the palate. Great balance among pronounced tannins, acidity and savoriness. This elegant wine has good potential for further cellar aging."
14204,Clarendon Hills Astralis Syrah 1998,"McLaren Vale, South Australia, Australia",Red Wine,98,"The color is very dark blood red, almost black with just a little hint of purple. There is an immense variety of aromas greeting you when you first sniff this wine. Black cherries, blueberries and plums. There is an overriding sensation of earthy, mushroom like characters and more lifted aromas with licorice bark, coffee and vanilla. There are some hints of other spices as well with some nutmeg, cloves and fennel. All of this and more follows on the palate."
14208,Clarendon Hills Astralis Syrah 2006,"McLaren Vale, South Australia, Australia",Red Wine,98,"Blackened purple/crimson. Low altitude of aroma. Soft and elegant exhibition of black raspberry and grilled meat, blue berry muffin, dark milk chocolate, liquorice, coffee, choc cake, incense, cinnamon, freshly baked Christmas cake, iodine, graphite and crushed rock. Relatively closed nose in contrast to mouth filling flavours, although continually evolving in the glass. Overall, a vividly intense concentration of characters although it remains trapped in the tannin. An atypical Astralis that is slightly more savory profiled than recent '03 and '05. Cascades of flavor roll along the most refined and sublime expression of Syrah in the cellar. Varietal characters driven by ripe, precisely focused tannin structure that fills your mouth with thousands of finely grained particles- from the moment after consuming: the flavors glide from one to another and the texture remains."
14321,Classic McLaren La Testa Shiraz 1997,"McLaren Vale, South Australia, Australia",Red Wine,98,"Smooth, drying tannins, lively acid and pure, strong fruit combine to form a lean wine with a supple consistency and harmonious, sophisticated complexity. Dark berry fruit and milk chocolate flavors abound."
14352,Cliff Lede Beckstoffer To Kalon Vineyard Cabernet Sauvignon (1.5L Magnum) 2014,"Napa Valley, California",Red Wine,99,"Dark purple with vermillion-tinged edges, the plush and refreshing 2014 Stags Leap District Cabernet Sauvignon lures the taster with a multidimensional perfume that fills the glass with notes of jasmine, lavender, and spring flowers. Interwoven into the floral notes are unctuous layers of plum, blackberry, and black currants. Loads of smoked cardamom, cinnamon, and black licorice unwind onto the palate where the vibrant acidity carries the long finish to a state of balance and equilibrium. "
14353,Cliff Lede Beckstoffer To Kalon Vineyard Cabernet Sauvignon 2014,"Napa Valley, California",Red Wine,99,"Dark purple with vermillion-tinged edges, the plush and refreshing 2014 Stags Leap District Cabernet Sauvignon lures the taster with a multidimensional perfume that fills the glass with notes of jasmine, lavender, and spring flowers. Interwoven into the floral notes are unctuous layers of plum, blackberry, and black currants. Loads of smoked cardamom, cinnamon, and black licorice unwind onto the palate where the vibrant acidity carries the long finish to a state of balance and equilibrium. "
14367,Cliff Lede Poetry Cabernet Sauvignon 2012,"Stags Leap District, Napa Valley, California",Red Wine,98,"Beautiful and expressive, the 2012 Poetry bouquet emanates aromas of crushed blackberry, wild Maine blueberry, and Luxardo cherry. Layered with exotic spices of anise, cardamom, and a hint of white pepper, the flavors continue to reveal their complexity with black tea, sandalwood, and dried tobacco notes. This lush and seamless wine is a sensual experience from start to finish, from rare fruit and spice flavors to suede-like tannins and loads of crushed rock minerality. This powerful wine is delicious now, with decades of potential. "
14370,Cliff Lede Poetry Cabernet Sauvignon 2016,"Stags Leap District, Napa Valley, California",Red Wine,99,"Our captivating 2016 Poetry is an ode to symmetry and precision. This is the highest expression of our Stags Leap District estate vineyard and all of its irresistible components are well apportioned and fabulously integrated even at such at young age. Dense and brooding on opening, with time liquefied rocks, warm plum, black licorice, bay leaf, and sage soar from the first glass. Equal parts black currant and summer fig flavors coalesce on the expansive entry, while smoked cardamom and lavender aromas saturate the olfactory in a glorious cornucopia of ambrosial harmony. The voluptuous palate finishes with a wave of ultrafine tannins that unites for a seamless finale of gorgeous violet perfume. "
14379,Cliff Lede Scarlet Love Cabernet Sauvignon 2014,"Stags Leap District, Napa Valley, California",Red Wine,97,"Scarlet Love shows off the depth and quality of the terroir in Cliff Lede's little section of Stags Leap District. Aromas of Luxardo cherry, blackberry, and black licorice soar from the glass. Beautifully integrated and expressive, the bouquet is complex with layers of crushed rock minerality, dark chocolate, and sweet ripe fig. The cashmere-like tannins caress the palate and linger for a long epic finish."
14401,Cliff Lede Stardust Heaven Cabernet Sauvignon 2013,"Stags Leap District, Napa Valley, California",Red Wine,98,"Stardust Heaven shows what great Stags Leap District Cabernet Sauvignon has to offer. Dark and inviting, with enticing, explosive aromas of warm slate, black currants, and cassis, along with black licorice, and pain grille, this Cabernet is a sensual experience from start to finish. Silky and plush tannins combine with crushed rock and mineral notes, classic of the Stags Leap District, to make this wine irresistible now, but patience will be rewarded with cellar aging over the next twenty years."
14473,Clos d'Agon Emporda Tinto 2009,Spain,Red Wine,97,"The Celler Clos d'Agon was purchased by a group of friends from Switzerland in 1998, making a dream become reality for the new owners, all of whom are attached to the wine business either through distributing, retail sales or winery ownership. The winery itself is only 11 years old. Immediately hired was wizard winemaker, Peter Sisseck, to produce the first vintage of white and red, and who continues on as a consultant with winemaker, Susana Lopez. Excellent results are already evident; there is a complex, sophisticated white wine and a deeply concentrated, expressive red wine.  "
14500,Clos de l'Oratoire (Futures Pre-Sale) 2018,"St. Emilion, Bordeaux, France",Red Wine,97,"Clos de l'Oratoire is round, smooth, and very seductive. It has a beautiful deep crimson color and powerful fruity aromas. Merlot provides roundness and opulence, whereas Cabernet Franc contributes power, aromatic complexity, and a long aftertaste. Although Clos de l'Oratoire can be enjoyed seven years after the vintage, it is, above all, a wine with fine aging potential."
14531,Clos des Papes Chateauneuf-du-Pape (1.5 Liter Magnum) 2003,"Chateauneuf-du-Pape, Rhone, France",Red Wine,97,#2 
14533,Clos des Papes Chateauneuf-du-Pape (1.5 Liter Magnum) 2010,"Chateauneuf-du-Pape, Rhone, France",Red Wine,98, 
14537,Clos des Papes Chateauneuf-du-Pape 2003,"Chateauneuf-du-Pape, Rhone, France",Red Wine,97,#2 
14539,Clos des Papes Chateauneuf-du-Pape 2007,"Chateauneuf-du-Pape, Rhone, France",Red Wine,97,"Bright, fresh, peppery, black raspberry, kirsch, garrigue and fennel scents open to a rich, sweet, spicy plum and black cherry jam filled wine this is still young. "
14545,Clos des Papes Chateauneuf-du-Pape 2016,"Chateauneuf-du-Pape, Rhone, France",Red Wine,97,"Blend: 60% Grenache, 30% Mourvèdre, 10% Syrah "
14581,Clos du Caillou Chateauneuf-du-Pape Les Quartz 2001,"Chateauneuf-du-Pape, Rhone, France",Red Wine,99,"Blend: 85% Grenache, 15% Syrah"
14598,Clos du Caillou Chateauneuf-du-Pape Reserve 2007,"Chateauneuf-du-Pape, Rhone, France",Red Wine,98,"Of the three top Châteauneuf cuvées from this exacting estate, ""Reserve"" is its most seductive and certainly its most sought after, given how few bottles are produced (and only in the best years.) It gets its velvety texture and supple core from the sandy soils of the estate's two vineyards, ""Guigasse"" and ""Bédines,"" located just behind the estate's ""clos."" Its midnight-purple robe reminds us why this color historically was reserved for royalty. A wine that will practically strike you dumb with its concentrated core of black fruit; yes, you may have to lick the glass on this one. A blend of 70% Grenache and 30% Mourvèdre, aged in a combination of new and older demi-muid."
14599,Clos du Caillou Chateauneuf-du-Pape Reserve 2009,"Chateauneuf-du-Pape, Rhone, France",Red Wine,97,"The nose, very fine, with the delicacy of spicy pepper.  The mouth is elegant, classy, very complex with aromas of black fruit with pear and wild quince jam.  This wine shows a very great length and worthy of a great wine for aging. "
14600,Clos du Caillou Chateauneuf-du-Pape Reserve 2010,"Chateauneuf-du-Pape, Rhone, France",Red Wine,97,"This wine has a beautiful garnet red color. The nose has very elegant and complex aromas, where one discovers notes of balsamic, flint,  black fruit dessert and wild plum. The palate is dominated by ripe fruit, rich and balanced with lots of freshness. It combines red fruit aromas, blood orange, peppermint, prunes, licorice and blueberry coulis."
14721,Clos Fourtet (1.5 Liter Futures Pre-Sale) 2019,"St. Emilion, Bordeaux, France",Red Wine,97,"Blend: 90% Merlot, 7% Cabernet Sauvignon, 3% Cabernet Franc"
14729,Clos Fourtet (Futures Pre-Sale) 2019,"St. Emilion, Bordeaux, France",Red Wine,97,"Blend: 90% Merlot, 7% Cabernet Sauvignon, 3% Cabernet Franc"
14784,Clos Mogador Priorat 2001,"Priorat, Spain",Red Wine,97,"The wine shows an opaque black, purple colour and an intense complex bouquet of ripe fruit, wild herbs, toasted bread, spices and smoke. The palate is massive and well balanced with a fat richness, a dense structure of velvety tannins and a powerful, lively acidity. Flavours of cristalised fruit, pepper, chocolate, coffee and a whole panapoly of spices and herbs. On the long finish there are the unique mineral tones that make Priorat so special."
14786,Clos Mogador Priorat 2005,"Priorat, Spain",Red Wine,98,"""The 2005 Clos Mogador is the first wine in Spain entitled to the new classification of ""Vi de finca Qualificada"". The estate is 20 hectares composing a single vineyard. The Garnacha wines are 80+ years of age while the other varieties (Carinena, Cabernet Sauvignon, Syrah) have been planted since the early 1980s. Average yields are under 10 hectoliters per hectare and only 2000 cases are produced. The winery has never purchased outside fruit. The wine is deep purple-colored with a superb bouquet of toasty oak, pencil lead, mineral, blackberry and black cherry. This leads to an opulent, dense, packed, structured wine with 6-8 years of aging potential. Super-concentrated, sweetly-fruited, and complex, this tour de force of a wine will drink well from 2012 to 2040."""
14842,Clos Saint-Jean Deus Ex Machina Chateauneuf-du-Pape 2017,"Chateauneuf-du-Pape, Rhone, France",Red Wine,98,"Deus ex Machina is a literary and dramatic term for a miraculous intervention that interrupts a logical course of events in a plot or play. A suitable name for a cuvée that had it’s start in the torrid vintage of 2003 when Philippe Cambie and Vincent Maurel made the decision to harvest at the end of September, weeks after their neighbors. Deus ex Machina is a blend of old vine Grenache from La Crau, aged in tank with equally ancient Mourvedre from the sandy soils of Bois-Dauphin aged in demi-muid."
14846,Clos Saint-Jean La Combe des Fous Chateauneuf-du-Pape 2017,"Chateauneuf-du-Pape, Rhone, France",Red Wine,97,"Combe des Fous literally means, the hill of the fool. The hill, in this case, is located in the far southern reach of Le Crau which was left barren for many centuries because the layer of galets was so exceedingly deep that everyone assumed vines could never survive there. The fool in this situation is Edmund Tacussel, the great-great-grandfather of Vincent and Pascal Maruel who planted a Grenache vineyard on this site in 1905. That old-vine Grenache form the heart of this cuvée with a small amount of Syrah, Cinsault and Vaccarèse."
14847,Clos Saint-Jean Sanctus Sanctorum (1.5 Liter Magnum) 2012,"Chateauneuf-du-Pape, Rhone, France",Red Wine,97,"Clos Saint Jean produces a total of five different red Chateauneuf du Pape wines and one Chateauneuf du Pape Blanc. The estate believes in complete destemming, long macerations and while Grenache is not aged in wood, other varietals are aged in one year old, French oak barrels. "
14848,Clos Saint-Jean Sanctus Sanctorum (1.5 Liter Magnum) 2015,"Chateauneuf-du-Pape, Rhone, France",Red Wine,97,Sanctus Sanctorum is only made in the best vintages and is comprised of the oldest vines of Grenache (well over 100 years old) in Le Crau. It is aged entirely in demi-muid and bottled in magnum.
15046,Colgin IX Estate Red 2007,"Napa Valley, California",Red Wine,97,"The 2007 IX Estate Red is a strikingly deep ruby color and the nose a concentrated elixir of all the wonderful aromatics I love about IX Estate. In 2007, the flavors of the terroir are more dominant than ever. This vintage just has more of everything it seems. Terroir driven flavors of crushed rock, wet graphite, bay leaf and barbecue rub saturate the wine. Aromas of grilled meats, fennel seed, and a lift of black licorice bring seduction to the nose. With a sip, the pliant, silky tannins melt over the palate. The 2007 is dense to the core in every way, but at the same time it is open, expressive and alluring. It will drink well near term with its supple, rich tannins, but patience will be greatly rewarded, as the structure and natural acidity beneath will allow the wine to age 30 years or more. "
15055,Colgin IX Estate Red 2016,"Napa Valley, California",Red Wine,97,"A blend of Cabernet Sauvignon, Merlot, Cabernet Franc and Petit Verdot, IX Estate Red is distinguished by complex fruit interplays, a luscious nose of rustic herbs, iron, clay and black fruits, huge layers of flavor and supple, sweet tannins impeccably well-balanced. The number IX refers to the parcel number and is also significant as the date Ann and Joe were married: 9/9. The 2002 vintage was the first, of four vintages, from this property to achieve the highest accolade of “a perfect wine”. Each year the blend displays extraordinary intensity, a beautiful purity, and a remarkably long finish. Approachable when young, it ages most gracefully."
15074,Colgin Tychson Hill Vineyard Cabernet Sauvignon 2014,"Napa Valley, California",Red Wine,98,"From an exceptional site that imparts earthy, ethereal notes of power and elegance, this signature cabernet reveals intense, deep layers of crème de cassis, barbecue smoke, graphite, blackberry and freshly cut flowers that excite the palate. Incredibly long and round, it is our rarest wine, the 2002 vintage achieving our first perfect score as “a wine of enormous concentration, multiple dimensions, layers of flavor, and a sensational one minute plus finish. Its purity, harmony and symmetry are prodigious.”"
15280,Comando G Tumba del Rey Moro 2012,Spain,Red Wine,97,Tumba del Rey Moro is an absurd vineyard. It has all the appearance of the aftermath of an ancient landslide with several small natural terraces irregularly planted with vines. Until a few years ago the site was nearly inaccessible and overgrown with scrub brush. Yet when Dani and Fernando heard rumor of this plot they spent several months trying to locate it and clear a path so they could farm it. Here you can find a similar granitic sandy soil to their other sites but with more pink than grey granite as well as more quartz. Like its siblings it is pale in color but tasting it makes you wonder if this is what Marcel Lapierre could have done at Chateau Rays had he the chance.
15604,Conti Costanti Brunello di Montalcino Riserva (1.5 Liter Magnum) 2012,"Montalcino, Tuscany, Italy",Red Wine,97,"Deep ruby red with aromas of plums, smoke, and coffee. Graceful tannins and a beautiful finish. This wine is complex and austere. This wine is complex and will undoubtedly benefit from further bottle age, peaking in 5-10 years’ time. Top vintages will also have top longevity."
15609,Conti Costanti Brunello di Montalcino Riserva 2012,"Montalcino, Tuscany, Italy",Red Wine,97,"Deep ruby red with aromas of plums, smoke, and coffee. Graceful tannins and a beautiful finish. This wine is complex and austere. This wine is complex and will undoubtedly benefit from further bottle age, peaking in 5-10 years’ time. Top vintages will also have top longevity."
15616,Continuum (1.5 Liter Magnum) 2007,"Napa Valley, California",Red Wine,97,"The 2007 Continuum is a richly aromatic wine showing great balance and finesse on the palate. A unique blend, Continuum expresses the nerve and power of the Cabernet Sauvignon, the structure and exotic aromas of the Cabernet Franc and the depth and density of color of the Petit Verdot. The 2007 blend manifests this in firm yet supple tannins, a generous mid-palate with a long, nuanced finish making for a very textural, silky wine. Aromas of black currant, mulberry, and rose petal lead to cardamom, truffle and graphite flavors. A wine of exquisite power and elegance, the harmonious integration and balance make it delicious now, while assuring tremendous ageabilty. "
15622,Continuum (1.5 Liter Magnum) 2015,"Napa Valley, California",Red Wine,97,"The dark, rich core of the 2015 Continuum has aromas of cacao, black currant, cardamom and savory wild herb. On the palate it is layered and supple, revealing black cherry and roast espresso notes intertwined with mountain minerals and a hint of tangy orange spice. The wine is lush with ripe chocolaty tannins that lead to a long, expressive finish. 2015, though small in volume, is amighty vintage for Continuum; one to savor today or age and appreciate for decades to come."
15630,Continuum 2017,"Napa Valley, California",Red Wine,97,"2017 was a vintage of extremes, with abundant rain in the winter months and record-breaking heat waves during the growing season. A testament in resiliency, the wine bears the hallmarks of the elevation and terroir at Sage Mountain Vineyard, showcasing exquisite vibrancy, many layers of flavor, ferrous minerality and fragrant wild herb notes. 2017 Continuum shows freshness, hinting at rose petal on the nose with cacao, black cherry and plum giving way to a plush, silky mid palate. Fine tannins of crushed stone and subtle undertones of tapenade are present through a beautifully persistent finish. "
15634,Continuum (signed) 2007,"Napa Valley, California",Red Wine,97,"The 2007 Continuum is a richly aromatic wine showing great balance and finesseon the palate. A unique blend, Continuum expresses the nerve and power of the Cabernet Sauvignon,the structure and exotic aromas of the Cabernet Franc and the depth and density of color of the PetitVerdot. The 2007 blend manifests this in firm yet supple tannins, a generous mid-palate with a long,nuanced finish making for a very textural, silky wine. Aromas of black currant, mulberry, and rosepetal lead to cardamom, truffle and graphite flavors. A wine of exquisite power and elegance, theharmonious integration and balance make it delicious now, while assuring tremendous ageabilty."
15822,Coup de Foudre Cabernet Sauvignon 2004,"Napa Valley, California",Red Wine,98,This first vintage of Coup de Foudre will pleasure your palate in a multi-dimensional manner. 
16126,Cullen Vanya Cabernet Sauvignon 2012,"Margaret River, Western Australia, Australia",Red Wine,97,"Very rarely a vintage occurs which presents us with a unique opportunity to create something truly special. The 2012 vintage was an exceptional year, and allowed us the privilege to produce an extraordinary wine. This wine of the 2012 vintage is a tribute to the land and the vines it came from. Pure expression of a great year. No additions of yeast, acid, malolactic culture, fining or filtration. The wines grown on these ancient soils are certified biodynamic, carbon neutral and powered naturally by solar power."
16274,Dal Forno Romano Monte Lodoletta Amarone della Valpolicella 2013,"Valpolicella, Veneto, Italy",Red Wine,98,"The Dal Forno family has been making wine since 1983. Located in Val D’Illasi, the estate consists of 65 acres of vines planted to traditional indigenous varieties of Corvina, Corvinone, Rondinella, Oseleta and Croatina. The estate vineyards and farm are located where the slopes begin to rise toward the mountains and sit 1,000 feet above sea level. The loose, alluvial soils, meticulous pruning and scrupulous viticultural techniques ensure remarkable-quality grapes. The Dal Fornos use traditional methods to grow the finest fruit, and then employ modern techniques to produce the best wines — classic in expression and modern in purity. "
16309,Dalla Valle Maya Proprietary Red Blend 1994,"Napa Valley, California",Red Wine,99,"Dense garnet to violet, viscous mouth feel. Bright ripe fruit, beautiful floral and intense dark fruit aromas that are expansive in the mouth and evocative of sweet violets, raspberries, blackberries and some woodsy notes. The wine is rich and dense with an excellent balance of black fruit to tannins. Completely balanced. Overall impression is of lots of fruit and lots of tannins with lots of layers and depths. Unified and seamless, elixir like. "
16313,Dalla Valle Maya Proprietary Red Blend 2001,"Oakville, Napa Valley, California",Red Wine,98,"This jewel in the crown originates in the remarkable vineyard that shares its name. A proprietary blend aged in primarily new French oak, Maya showcases the site's exceptional Cabernet Franc; it is graceful and alluring with an unmistakable pedigree. Fewer than 500 cases are produced each year."
16316,Dalla Valle Maya Proprietary Red Blend 2007,"Oakville, Napa Valley, California",Red Wine,97,"This is a powerhouse of a wine, packed with fruit and with an aromatic expression that excites the senses. From the minute the cork is pulled, notes of chocolate, smoke, camphor, and ripe delicious fruit fill the room. In spite of the wine’s considerable density, the intense flavors arrive with a freshness and balance that is remarkable. There is great complexity of flavor, and a firm structure, with notes of blackberry, cassis and graphite coming from the Cabernet Sauvignon, and the Cabernet Franc adding elements of crushed stones and anise. This wine, from a phenomenal vintage, should age for a long time to come. In 20 years it should just becoming into its own."
16319,Dalla Valle Maya Proprietary Red Blend 2010,"Napa Valley, California",Red Wine,98,"This jewel in the crown originates in the remarkable vineyard that shares its name. A proprietary blend aged in primarily new French oak, Maya showcases the site's exceptional Cabernet Franc; it is graceful and alluring with an unmistakable pedigree. Fewer than 500 cases are produced each year."
16324,Dalla Valle Maya Proprietary Red Blend 2015,"Oakville, Napa Valley, California",Red Wine,98,"The 2015 Maya shows the great potential of the vintage. Its red-purple hue belies the wine’s brightness and fresh aromatic quality, with tones of fresh-cut strawberry, cardamom, and flint. This blend of Cabernet Sauvignon and Cabernet Franc exhibits a combination of depth, richness, and laser-like focus, delivering a rush of red and black fruit flavors, along with notes of cured meats and salted black licorice. The texture is soft and silky, but at the same time powerful and incredibly lengthy. This vintage of Maya is accessible today, but will absolutely continue to develop, and will last decades in the bottle."
16326,Dalla Valle Maya Proprietary Red Blend (6 Liter Bottle) 1997,"Oakville, Napa Valley, California",Red Wine,99,"More refined on the nose, the flavors of blackcurrant, cedar, espresso beans and rich cream are delicate and complex. The wine still has all its youth with great purity and focus; it is layered with aromas of cider, black fruits and spice box and oak finishing with ripe and muscular tannins. For full expression, it will need to be decanted half hour before pouring."
16327,Dalla Valle Maya Proprietary Red Blend (scuffed label) 1997,"Napa Valley, California",Red Wine,99,"Pure Maya! Sweet, ripe fruit and a full, round mouth feel. Big massive, muscular wine and still a bit closed. Pronounced fruit with mineral components. The wine is austere and has lots of sophistication. Less acid, more oak, and excellent tannin management."
16390,Dana Estates Hershey Vineyard Cabernet Sauvignon 2012,"Napa Valley, California",Red Wine,98,"Dark fruit and baking spices spring from the glass. The palate is dominated by ripe black and red fruit, intense minerality and a tannin profile that is pure unadulterated Hershey, the purest form of Howell Mountain. The slightest chalk and ash notes layered with fruit, anise and forest abound in the finish. Best enjoyed 2017 through 2030."
16391,Dana Estates Hershey Vineyard Cabernet Sauvignon 2016,"Howell Mountain, Napa Valley, California",Red Wine,98,"The 2016 Hershey exhibits the complexity and minerality that define this mountain vineyard. The wine opens with notes of red currant, blackberries, mingled with notes of espresso, bitter orange zest and dried herbs. The rich mountain tannins frame a creamy entry onto the palate. The wine builds across the palate with flavors of plums, currants, and bitter chocolate that meld with hints of sage, forest floor and an intriguing salinity. The vibrancy makes the wine enticing now, thought it will age gracefully through 2036."
16395,Dana Estates Lotus Vineyard Cabernet Sauvignon 2016,"Napa Valley, California",Red Wine,99,"The 2016 Lotus displays aromas of black cherry, berry compote, wet stone, and wet earth. The wine is full bodied with a creamy texture. It captures the essence of Lotus Vineyard in its firm structure and concentration while retaining vibrancy and balance. Classic black fruits and warm spice flavors coat the palate mingling with hints of dried herbs and a firm structured finish. Enjoy 2020 through 2038 and beyond."
16547,d'Arenberg The Dead Arm Shiraz 2001,"McLaren Vale, South Australia, Australia",Red Wine,98,"Upon release d'Arenberg's The Dead Arm Shiraz has a vivid young deep brick-red colour. The nose shows intense and complex cedary, fig, blackberry and blueberry like smells occasionally pepper/spice smells too. Vanilla mocha oak smells and attacking blackberry, cassis characters are also evident on the palate. Full, intense sweet, cedary middle palate flavours have a distinctly silky, svelte texture deceptively disguise the rich powerful cassis and toffee-mocha flavours. The accent is on powerful full bodied berry fruit flavour, with a little sweet English toffee like oak evident on the juicy, rolling finish."
16980,Delas Cote Rotie La Landonne 2009,"Cote Rotie, Rhone, France",Red Wine,98,"The wine's deep color is underscored by plummy hues. A complex nose shows deep, fruity aromas with hints of licorice and roasted coffee. Endowed with a dense and silky tannic structure, this is a full, fleshy wine that provides an ample and generous palate. Its lasting finish speaks of considerable ageing potential."
17010,Delas Hermitage Domaine des Tourette 2009,"Hermitage, Rhone, France",Red Wine,98,"The wine has a deep garnet-red hue with purple tinges. The nose, as with all good Hermitages, is both intense and complex. Domaine des Tourettes 2009 also shows concentrated aromas of fruit, with hints of blackberries and dark cherry. Oak underscores these with notes of toast and chocolate. On the palate the wine is well-built and its ample volume reveals the fine qualities of its granite terroir, finishing with a refreshing mineral-like edge. "
17230,Department 66 Pharaon 2015,France,Red Wine,97,"Provocative aromas of sweet oak, dark chocolate liqueur, Tahitian vanilla, sage, and plum saturate the glass in a beguiling complexion of aubergine. Sapid flavors of rhubarb, savory red fruits, and boysenberries are evident and harmoniously blend with mineral notes and schistous highlights. The tannins are firm but agreeable and primed for extended aging. Finishing with a spirited acidity, the wine elegantly charms the palate indefinitely."
17342,Diamond Creek Red Rock Terrace Cabernet Sauvignon (1.5 Liter Magnum) 2013,"Diamond Mountain District, Napa Valley, California",Red Wine,99,"Red Rock Terrace has velvety tannins. The wine is rich and well balanced, medium dark ruby color with cherry, mint and black currant flavors."
17357,Diamond Creek Red Rock Terrace Cabernet Sauvignon 2013,"Diamond Mountain District, Napa Valley, California",Red Wine,99,"Red Rock Terrace has velvety tannins. The wine is rich and well balanced, medium dark ruby color with cherry, mint and black currant flavors."
17361,Diamond Creek Red Rock Terrace Cabernet Sauvignon (375ML half-bottle) 2013,"Diamond Mountain District, Napa Valley, California",Red Wine,99,"Red Rock Terrace has velvety tannins. The wine is rich and well balanced, medium dark ruby color with cherry, mint and black currant flavors."
17470,Dolce (375ML half-bottle) 1999,"Napa Valley, California",,97,"Dolce is a blend of 76% Semillon and 24% Sauvignon Blanc. The rich, exotic fruit flavors and the honeyed botrytis character of the wine are complemented by toasty oak overtones that are balanced by a long, clean finish. Despite the difficulties experienced in the vineyard, this blend holds great promise. This warm vintage naturally developed more tropical flavors than some previous vintages - a reflection of vineyard location and vintage. The wine should continue to grow in complexity and interest as it ages in the bottle. -Dirk Hampson, Director of Winemaking"
17475,Dolce (375ML half-bottle) 2006,"Napa Valley, California",,98,"The 2006 Dolce is intensely fruity, driven by aromas of citrus and stone fruits, and layered with notes of honey and spice. Ripe peach and pear dominate in the nose and are complemented with notes of orange zest, dried apricot and fig. The palate is loaded with ripe and juicy apricot. It begins with a silky entry, followed by an unctuous and balanced mid-palate, and a mouthwatering, clean finish. With time we expect the emergence of the bottle bouquet, together with a subtle minerality, will beautifully showcase the fruit-forward nature of this youngster."
17477,Dolce (375ML half-bottle) 2010,"Napa Valley, California",,97,"Aromas of apricot, poached pear and orange rind dominate the more subtle clove and mineral notes. The flavors mimic the aromas on the nose, melding with a mouthwatering texture and added notes of juicy orange and citrus blossom. This wine shows the restraint of youthfulness with the expectation that its bottle bouquet will emerge with a few more years of bottle age. "
17524,Dom Perignon P2 Vintage in Gift Box 2000,"Champagne, France",Sparkling & Champagne,97,"The bouquet is ripe, lively and generous. The warm aromas of hay and brioche mingle with those of bergamot orange and russet stone fruit. The overall effect exudes smoky grey accents. On the palate, the vibrant opening strikes the first chord, a prelude to a complexity that is more tactile than plump, and only gives of itself gradually. The distinguished viscosity is understated and simply fits around the contours of the wine. The length is exquisitely bitter and abounds with sap, a mingling of liquorice and toasted malt."
17527,Dom Perignon Rose 2002,"Champagne, France",Sparkling & Champagne,98,"The wine's bouquet is lilting and luminous, with a wide spectrum dominated by an orange glow. This complexity becomes deeper and more somber in the finish, with hints of smoke and black cherry. The wine has an assertive presence and is remarkably tactile, with creamy fleshiness and caressing intensity. The feeling of fullness stretches out and sustains the sappy, vibrant, crystalline note."
17584,Domaine A.F. Gros Richebourg Grand Cru 2012,"Cote de Nuits, Cote d'Or, Burgundy, France",Red Wine,97,"This is an unforgettable wine possessing depth and an amazing mix of contrasts : power and finesse. Hints of wild violets, black currant, vanilla and spices that meld into a velvety palate constitute the hallmark of the appellation (power and finesse).  Give in to temptation right now, or make it last for several decades."
17871,Domaine de la Charbonniere Chateauneuf-du-Pape Les Hautes Brusquieres 2017,"Chateauneuf-du-Pape, Rhone, France",Red Wine,98,"This Single Vineyard Cuvée reveals layered hints of dark cherries, crushed raspberry, the structure is massive yet with some elegant tannins. "
17930,Domaine de la Janasse Chateauneuf-du-Pape Vieilles Vignes (1.5 Liter Magnum) 2000,"Chateauneuf-du-Pape, Rhone, France",Red Wine,97,"The flagship wine of the estate, still the highest in international rankings. The color is dark with purple reflections. The nose, with discreet aromas of crushed black fruits and garrigue, is just waiting to melt into a noble and fresh material."
17931,Domaine de la Janasse Chateauneuf-du-Pape Vieilles Vignes 2000,"Chateauneuf-du-Pape, Rhone, France",Red Wine,97,"Over the last quarter century, Domaine de la Janasse has become one of the most highly-regarded estates in Chateauneuf-du-Pape. Led by siblings Christophe and Isabelle Sabon, the estate combines the best of both traditional and modern techniques to craft a collection of truly riveting wines from ""simple"" value-priced VDP’s to their benchmark Chateauneufs."
17939,Domaine de la Janasse Chateauneuf-du-Pape Vieilles Vignes 2015,"Chateauneuf-du-Pape, Rhone, France",Red Wine,97,"The flagship wine of the estate, still the highest in international rankings. The color is dark with purple reflections. The nose, with discreet aromas of crushed black fruits and garrigue, is just waiting to melt into a noble and fresh material. Keep it at least ten years before serving on a jugged hare Royale."
17948,Domaine de la Mordoree Chateauneuf-du-Pape La Reine des Bois 1998,"Chateauneuf-du-Pape, Rhone, France",Red Wine,97,"Cuvee de la Reine des Bois Chateauneuf-du-Pape has deep ruby red color and red fruit aromas leading to leather, black truffles and coffee notes. Fat and concentrated on the palate, with licorice and dark fruit flavors. Pairs well with game and red meats or cheeses."
17955,Domaine de la Mordoree Chateauneuf-du-Pape La Reine des Bois 2010,"Chateauneuf-du-Pape, Rhone, France",Red Wine,97,"Cuvee de la Reine des Bois Chateauneuf-du-Pape has a dark red color with blueish hints. Fruity and intense aromas of dried prunes and blackberry with coffee nuances. Melted and concentrated tannins, full bodied, very long fresh finish."
18017,Domaine de la Romanee-Conti La Tache Grand Cru 2003,"Burgundy, France",Red Wine,99,"La Tâche is elegance and rigor. Beneath the frequent hardness of its tannins, passion is aflame, restrained by an implacable, courtly elegance."
18019,Domaine de la Romanee-Conti La Tache Grand Cru 2005,"Burgundy, France",Red Wine,99,96 IWC
18020,Domaine de la Romanee-Conti La Tache Grand Cru 2009,"Burgundy, France",Red Wine,97,"Dark red color. The nose is dense, but discreet. Black fruits. It is unctuous, ample, rich and opulent in the mouth. The balance between complexity and lightness gives birth to a very classic La Tache: noble, concentrated, lanky, muscled and powerful, but lean and still reserved."
18023,Domaine de la Romanee-Conti Richebourg Grand Cru 2009,"Burgundy, France",Red Wine,97,"Beautiful color. On the nose, it is powerful, but fresh with minerality and blackcurrant-bud notes. This is a classic Richebourg: budding with freshness and energy, but the wine is still wrapped in fine tannins that need time to develop."
18025,Domaine de la Romanee-Conti Romanee St. Vivant Grand Cru 2005,"Burgundy, France",Red Wine,97,95+ Steven Tanzer
18057,Domaine de la Vieille Julienne Chateauneuf-du-Pape Vieilles Vignes 2000,"Chateauneuf-du-Pape, Rhone, France",Red Wine,97,"To respect the spirit of the ""appellation"" at Vielle Julienne, this wine is always produced using Chateauneuf du Papes original varietals: Grenache, Syrah, Mourvedre, Cournoise, Cinsault, and even extremely rare varietals like Muscardin and Vaccarese. Harvest is entirely done by hand, and fermentation is carried out exclusively with indigenous yeast. The wine is aged in foudre for 1 year. Until 2001, this cuvee was marked as ""Vieilles Vignes."""
18126,Domaine de Marcoux Chateauneuf-du-Pape Vieilles Vignes 2007,"Chateauneuf-du-Pape, Rhone, France",Red Wine,98,"Official French records indicate that the Armenier family has been tending vines in Châteauneuf-du-Pape since the 1300's. Today, winemaker-sisters Catherine Armenier and Sophie Estevenin continue to write history with the wines of Domaine de Marcoux. "
18130,Domaine de Marcoux Chateauneuf-du-Pape Vieilles Vignes 2016,"Chateauneuf-du-Pape, Rhone, France",Red Wine,97,"The Vieilles Vignes, a cuvée made entirely from old-vine Grenache, made in vintages where the Grenache is abundant, rich and complex. It is sourced from the sandy soils of Charbonnières (planted 1900) the limestone marl of Esquierons (planted 1900/1949) and the gravelly red clay of Gallimardes (planted 1934/1959). It is aged entirely in 350L barrels for 18 months. While more concentrated and structured than the regular cuvée, it still possesses the delicate floral and spice character that is the signature of this domaine."
18137,Domaine de Montbourgeau L'Etoile Vin Jaune 2010,"Jura, France",White Wine,97,"Made exclusively from the Savagnin grape, the Vin Jaune of Montbourgeau is always produced from a late harvest. After fermentation the wine is racked into foudres (30 hectoliter size) and then, after six months, racked again into smaller barrels. It is never topped off, the ""voile"" appears and the wine is left for at least seven years to age in barrel before being declared “Vin Jaune” and being bottled. The “Jaune” of Montbourgeau is more high-toned than the Jaunes of Puffeney and Gahier, less broad perhaps, but more fine -- a clear reflection of the appellation of L’Etoile."
18221,Domaine des Baumard Quarts de Chaume (375ML half-bottle) 1995,"Loire, France",White Wine,98,"Serve Quarts de Chaume as an apertif with foie gras, rillette canapes or chicken liver, blue cheeses such as Roquefort and Gorgonzola, and 'white desserts,' such as poached pears or peaches with creme anglaise."
18378,Domaine du Clos de Tart Grand Cru Monopole (1.5 Liter Magnum) 2016,"Morey-St-Denis, Cote de Nuits, Cote d'Or, Burgundy, France",Red Wine,97,"Deep ruby color of a royal robe. Very complex nose with a wide range of fragrances: wild strawberry with hints of rose, lilac, spice, pepper, tobacco and noble herbaceous notes. The dense, ample and full-bodied mouthfeel retains an ethereal touch: fleshy and silky tannins lightly fill the palate, leaving a gracious, caressing finish. The 2016 is a powerful wine, elegant, deep and seductive."
18379,Domaine du Clos de Tart Grand Cru Monopole 2016,"Morey-St-Denis, Cote de Nuits, Cote d'Or, Burgundy, France",Red Wine,97,"Deep ruby color of a royal robe. Very complex nose with a wide range of fragrances: wild strawberry with hints of rose, lilac, spice, pepper, tobacco and noble herbaceous notes. The dense, ample and full-bodied mouthfeel retains an ethereal touch: fleshy and silky tannins lightly fill the palate, leaving a gracious, caressing finish. The 2016 is a powerful wine, elegant, deep and seductive."
18399,Domaine du Pegau Chateauneuf-du-Pape Cuvee Laurence 1995,"Chateauneuf-du-Pape, Rhone, France",Red Wine,97,"Garnet with brick-red glints. Aromas of garrigue, moving after several years of aging to aromas of stone fruits (plums), leather, fur and underbush. On the palate, there are notes of cinnamon, pepper, and meat. The development provides complex and spicier notes."
18408,Domaine du Pegau Chateauneuf-du-Pape Cuvee Reservee (1.5L Magnum) 2010,"Chateauneuf-du-Pape, Rhone, France",Red Wine,97, 
18698,Domaine Georges & Christophe Roumier Bonnes Mares Grand Cru 2002,"Burgundy, France",Red Wine,97,"""A beautiful red, dense and broad, with concentrated black cherry, plum and mineral flavors. Shows an old-vine richness and is backed by a firm structure, with ripe, fine-grained tannins. Fine length. Best from 2012 through 2025."""
18700,Domaine Georges & Christophe Roumier Bonnes Mares Grand Cru 2005,"Burgundy, France",Red Wine,97,"""Bright red-ruby. Wild red berries, peony and a whiff of medicinal austerity on the nose. In the mouth this displays superb clarity and class, conveying an impression of great intensity without any excess weight. This literally vibrates on the back end, finishing with an explosive whiplash of fruits and minerals and a broad dusting of tannins. The yield here was around 35 hectoliters per hectare, according to Roumier."""
18709,Domaine Giraud Chateauneuf-du-Pape Gallimardes 2010,"Chateauneuf-du-Pape, Rhone, France",Red Wine,97,"Attractive, intense blood-red color. Shows an elegant nose with strawberry, blueberry and raspberry fruit. Powerful on the palate, it's full-bodied yet smooth with flavors of apple and cherry compote, raspberry tinged with licorice, white pepper and wild herbs."
18713,Domaine Giraud Chateauneuf-du-Pape Les Grenaches de Pierre 2010,"Chateauneuf-du-Pape, Rhone, France",Red Wine,98,"Lovely blood-red color with crimson edges. Its powerful nose is reminiscent of basalt, tobacco leaf with cooked fruit notes and juicy prunes. Powerful structured palate, rich and rounded with flavors of fresh strawberry compote, raspberries, cherries tinged with thyme, wild juniper and violet rockrose."
18716,Domaine Giraud Chateauneuf-du-Pape Les Grenaches de Pierre 2015,"Chateauneuf-du-Pape, Rhone, France",Red Wine,97,"Lovely blood-red color with crimson edges. Its powerful nose is reminiscent of basalt, tobacco leaf with cooked fruit notes and juicy prunes. Powerful structures palate, rich and rounded with flavors of fresh strawberry compote, raspberries, cherries tinged with thyme, wild juniper and violet rockrose."
18743,Domaine Grand Veneur Chateauneuf-du-Pape Vieilles Vignes 2006,"Chateauneuf-du-Pape, Rhone, France",Red Wine,98,"""In 2006 a 100% Grenache cuvee was added to the portfolio, the Vieilles Vignes. The 2006 Vieilles Vignes is as impressive as a 2006 Chateauneuf du Pape can be and looks to be one of the candidates for the wine of the vintage. Given the fact that it is all Grenache, the wine has an absolutely magnificent density and an inky purple color, huge, powerful flavors, and a finish that goes on well past a minute. This is a wine for very patient connoisseurs as it is meant for long-term aging. It is an exquisite expression of Chateauneuf du Pape and Grenache. This tannic, awesomely endowed wine has everything going for it. Anticipated maturity: 2014-2030+."""
18745,Domaine Grand Veneur Chateauneuf-du-Pape Vieilles Vignes 2012,"Chateauneuf-du-Pape, Rhone, France",Red Wine,97,"It boasts an inky/purple color in addition to a gorgeous perfume of crushed rocks, jammy black fruits, charcoal and graphite. Blackberry aroma with an air of dates pressed in alongside – this is sweet-noted. It is easy to appreciate, a sleek and stylish start. The palate holds excellent fruit that runs well and has kick. Its tannins move round freely and a minted finale comes forward. Its dark fruit is tasty, darkens on the finish, where tar and char from its oak enter. It is all very much together, a bundle of harmony, and will gain local attributes as it ages. An outstanding Chateauneuf du Pape which display the best of its terroir."
18794,Domaine Huet Vouvray Cuvee Constance 2003,"Vouvray, Touraine, Loire, France",White Wine,98,"The Cuvee Constance opens with a aromas of gourmet ripe fruit. The palate has a nice complexity, spicy and lightly toasted on the candied fruit. Great concentration of sweetness and acidity, a rarity in the 2003 vintage. An exceptional wine."
18810,Domaine Huet Vouvray Moelleux Clos du Bourg 2016,"Vouvray, Touraine, Loire, France",White Wine,97,"The vines are farmed using biodynamic methods and harvested by hand. Gaston Huët believed this to be the greatest of all Vouvray vineyards. This ancient, walled vineyard has the estate’s shallowest, stoniest soils. The wines are rich and intense."
18820,Domaine Huet Vouvray Moelleux Premier Trie Le Mont 2010,"Vouvray, Touraine, Loire, France",White Wine,97,"For many insiders, the argument over Vouvray's greatest vineyard comes down to two sites: Le Mont and Clos du Bourg. Undisputably a grand cru vineyard, Le Mont enjoys a choice site on the Premiere Cote. These wines are the estate's most reticent, but develop the strongest perfume with age. Le Mont yields young wines of intense minerality. With age, the wines develop great length and finesse."
18838,Domaine Jean Grivot Richebourg Grand Cru 2016,"Vosne-Romanee, Cote de Nuits, Cote d'Or, Burgundy, France",Red Wine,97,"The wine shows aromas and flavors of red berries, herbs, and purple flowers. The palate is rich with ripe fruit and medium weight with bright acidity and fine tannins. Aging in 40-45% new Burgundian pièce brings notes of vanilla, toast, and baking spices."
18990,Domaine Leflaive Chevalier-Montrachet Grand Cru 1992,"Burgundy, France",White Wine,97,"Style: Rich, oaky dry white"
18997,Domaine Leroy Clos Vougeot Grand Cru 2003,"Burgundy, France",Red Wine,97,"""The 2003 Clos Vougeot comes forth with unreal aromas of mocha-laced black cherries, chocolate-drenched plums, and candied blackberries. Full-bodied, immensely concentrated, and deep, this broad, bulky, powerful wine is jam-packed with black chocolate, red as well as black cherries, licorice and tar. Loads of solid yet ripe tannin provide this dense blockbuster with ample structure, detectable in its interminable finish. It will require cellaring to civilize its weighty, graceless nature. Projected maturity: 2009-2019."""
19125,Domaine Perrot-Minot Chambertin Clos-de-Beze 2003,"Burgundy, France",Red Wine,98,"Superripe nose dominated by chocolatey oak. Sweet and lush in the mouth, with flavors of blackberry, game and leather. Seems finer-grained than the Chambertin but also more linear and less vibrant. But impressively long on the firmly tannic finish."
19160,Domaine Pierre Usseglio et Fils Chateauneuf-du-Pape Reserve des Deux Freres 2005,"Chateauneuf-du-Pape, Rhone, France",Red Wine,97,"""The limited production 2005 Chateauneuf du Pape Reserve des Deux Freres (100% Grenache with considerable press wine is aged in 60% demi-muids and 40% in one- and two-year-old barrels) is certainly one of the Chateauneuf du Papes of the vintage. There are about 6,000 bottles (500 cases) of this wine, which exhibits an opaque blue/purple color and a beautiful nose of blueberry, blackberry, scorched earth, pepper, roasted meats, and smoke. It is full-bodied, viscous, with an inky richness and thickness, but terrific acidity and rather high tannins. I can't see this wine being ready to drink before another 6-7 years of bottle age, but it should keep for 20+ years. Brothers Jean-Pierre and Thierry Usseglio have once again produced some of the finest Chateauneuf du Papes of the vintage, particularly in 2005. This is no small accomplishment given the fact that their 2003 cuvees were among the very finest wines of that challenging and irregular year."""
19183,Domaine Raymond Usseglio Chateauneuf-du-Pape Cuvee Imperiale 2010,"Chateauneuf-du-Pape, Rhone, France",Red Wine,99,"This classic winemaking estate, which employs the well-known Xavier Vignon as their consultant, owns over 45 acres spread throughout Chateauneuf du Pape, with the largest holdings in the north. Raymond Usseglio's 2011s are very strong efforts."
19212,Domaine Saint Prefert Chateauneuf-du-Pape Collection Charles Giraud 2015,"Chateauneuf-du-Pape, Rhone, France",Red Wine,98,"The tete de cuvee of the domaine, made from the oldest vines in two parcels, les Serres and le Cristia. Les Serres is very warm and has the famous galets and gravel soil; Cristia has a sandy soil."
19215,Domaine Saint Prefert Chateauneuf-du-Pape Reserve Auguste Favier 2015,"Rhone, France",Red Wine,97,#44 
19216,Domaine Saint Prefert Isabel Ferrando Chateauneuf-du-Pape Colombis (1.5 Liter Magnum) 2018,"Chateauneuf-du-Pape, Rhone, France",Red Wine,97,"100% Grenache, primarily from the lieu-dit named ""Colombis"" with a sandy soil. Whole-cluster fermented and aged in neutral tronconique barrels for 18 months."
19504,Domenico Clerico Barolo Ciabot Mentin 2007,"Barolo, Piedmont, Italy",Red Wine,98,Grape Variety: 100% Nebbiolo. 
19594,Dominus Estate (1.5 Liter Magnum) 2014,"Yountville, Napa Valley, California",Red Wine,97,"Blend: 86% Cabernet Sauvignon, 7% Cabernet Franc and 7% Petit Verdot"
19617,Dominus Estate 2014,"Yountville, Napa Valley, California",Red Wine,97,"Blend: 86% Cabernet Sauvignon, 7% Cabernet Franc and 7% Petit Verdot"
19622,Dominus Estate 2017 6-Pack Wood Case (OWC),"Napa Valley, California",,97,"The historic Napanook Vineyard, a 124-acre site west of Yountville, was planted in 1838. This vineyard was the source of fruit for some of the finest Napa Valley wines. Estate-bottled in the spirit of the Bordeaux châteaux, Dominus Estate is dry-farmed to allow natural stress and good concentration of fruit. Grape clusters are crop-thinned to allow sun and air to pass in between, helping to achieve full maturation and soften the tannins. Only 20% to 40% new French oak barrels are used in order to limit the extraction of oak notes. To express the unique terroir, the classic Bordeaux grape varietals of Cabernet Sauvignon, Merlot, Cabernet Franc and Petit Verdot are planted with different root stocks best suited for the varying soil composition of gravel, heavy clay and loam. "
19628,Dominus Estate (3 Liter Bottle) 2014,"Yountville, Napa Valley, California",Red Wine,97,"Dominus Estate wines are made with an objective of purity, balance and complexity. Minimal intervention and restraint throughout the process of grape berry selection, fermentation and aging preserve the character of the fruit. The resulting wines convey the very personality of the vineyard."
19637,Dominus Estate (375ML half-bottle) 2014,"Yountville, Napa Valley, California",Red Wine,97,"Blend: 86% Cabernet Sauvignon, 7% Cabernet Franc and 7% Petit Verdot"
19645,Dominus Estate (6 Liter Bottle) 2014,"Yountville, Napa Valley, California",Red Wine,97,"Blend: 86% Cabernet Sauvignon, 7% Cabernet Franc and 7% Petit Verdot"
19695,Domus Aurea Cabernet Sauvignon 2016,"Maipo Valley, Chile",Red Wine,97,"Among the promises of Domus Aurea are its eucalyptus notes, the balance and freshness of its cherries and its delicate orange zest wrapped in subtle chocolate. Nevertheless, the fact that the whole process is oriented by the same respect for tradition and the terroir, makes every vintage a unique wine. This wine is unfiltered to preserve the original flavor and integrity, which will be much appreciated if you guard it for a long time."
19771,Donelan Richards Family Vineyard Syrah (1.5 Liter Magnum) 2008,"Sonoma Valley, Sonoma County, California",Red Wine,97,"As it breathes in the glass, the wine begins to whisper the reasons we and so many have come to love it. Herb encrusted lamb, graphite, freshly-cut lavender and cherry liquor are just some of the aromas that lift from the glass. The palate of the wine starts with such a distinct sensation, like the first spoonful of chocolate mousse, followed with what is actually quiet distinct tannin that cradles a very full and compelling finish."
19772,Donelan Richards Family Vineyard Syrah (scuffed labels) 2008,"Sonoma Valley, Sonoma County, California",Red Wine,97,"As it breathes in the glass, the wine begins to whisper the reasons we and so many have come to love it. Herb encrusted lamb, graphite, freshly-cut lavender and cherry liquor are just some of the aromas that lift from the glass. The palate of the wine starts with such a distinct sensation, like the first spoonful of chocolate mousse, followed with what is actually quiet distinct tannin that cradles a very full and compelling finish."
19816,Donnhoff Niederhauser Hermannshohle Spatlese 2001,Germany,White Wine,97,"Extraordinary fragrance and a taut, snappy beautiful wine."
19819,Donnhoff Norheimer Dellchen Riesling Spatlese A P #11 2004,"Nahe, Germany",White Wine,97,"Steep cliffs of extrusive rock rise directly from the banks of the River Nahe between Norheim and Niederhausen. In between these cliffs there are small hollows, known in local dialect as Dellchen. Here, the slate soils are mixed with the stony precipitate sedimentary rock of the adjacent volcano cliffs. The extremely steep, perfectly south-facing slope is terraced by dry stone walls. Protected by the surrounding cliffs, the Riesling vines reach very high levels of grape ripeness. The wines displaying the characteristic of this particular terroir to a greater extent have enormous ripening potential."
19890,Dow's Vintage Port 1994,Portugal,Collectible,97,"Dow's 1994 Vintage Port is drinking beautifully right now – its one of our best vintages in recent history.  It balances opulent red fruits with mineral and eucalyptus tones and has the Dow's characteristic drier finish.  Its great depth and structure make it delicious now but it will also continue to age in the bottle for years to come. Declared Vintage Port is made only in the best of the best years and represents less than two percent of all Port made.   It is sourced from Dow's top vineyards, primarily Quinta do Bomfim and Quinta da Senhora da Ribeira and aged for two years in barrel before bottling."
20023,Dr. Pauly-Bergweiler Bernkasteler alte Badstube am Doctorberg Auslese 2009,"Mosel, Germany",White Wine,97,"It is a full-bodied wine, rich, complex, with great depth and charm as it ages. Dr.Pauly-Bergweiler is the only wine-maker selling ""Bernkasteler alte Badstube am Doctorberg"" in the US. The Bernkasteler alte Badstube am Doctorberg wines have always had a very long potential and mature to greater heights as they age."
20453,Duclot Groupe Duclot Bordeaux Prestige Collection Case (9 bottles in OWC) 2015,"Bordeaux, France",Red Wine,99,"The jewel of our range, this case is exclusively distributed by our company. Produced in limited quantities and protected by an authentication system, it brings together some of the top Bordeaux chateau: Château Lafite Rothschild, Château Mouton Rothschild, Château Margaux, Château Haut-Brion, Château La Mission Haut-Brion,Château Cheval Blanc, Château Ausone, Petrus, Château d’Yquem."
20459,Dugat-Py Mazis Chambertin 2005,"Gevrey-Chambertin, Cote de Nuits, Cote d'Or, Burgundy, France",Red Wine,99,"This Grand Cru wine, which comes from a plot of vines with an average age of 70+ year old, is aged for 16-18 monts in new oak casks. It can be enjoyed in its youth with decanting a few hours before serving."
20461,Dugat-Py Mazis Chambertin 2010,"Gevrey-Chambertin, Cote de Nuits, Cote d'Or, Burgundy, France",Red Wine,98,"This Grand Cru wine, which comes from a plot of vines with an average age of 70+ year old, is aged for 16-18 monts in new oak casks. It can be enjoyed in its youth with decanting a few hours before serving."
20485,DuMOL Estate Pinot Noir 2012,"Russian River, Sonoma County, California",Red Wine,97,"Brilliant deep rose color. Penetrating floral, fruit and herbal aromas: black cherry and raspberry, fresh herbs, fragrant flowers, toffee and cocoa powder. Great vineyard purity with tightly entwined aromas and flavors. Dark fruits, earth, fresher blueberry, orange zest, a hint of black olive. Structured back end with lifting acidity and youthful tannins."
20568,Dunn Howell Mountain Cabernet Sauvignon (1.5L Magnum - chipped wax) 2007,"Napa Valley, California",Red Wine,97,"Muscular Cabernet that will need four or five years to peak. Concentrated fruit has brawny tannic structure. Cedar, vanilla and dark chocolate from toasty oak will integrate with bottle age. There's noteworthy intensity and focus to the flavors, then the structure amps up in the finish. Has outstanding length and pervasive earthiness and minerality. Try this in 2015 and cellar it with confidence until at least 2025."
20580,Dunn Howell Mountain Cabernet Sauvignon 2008,"Howell Mountain, Napa Valley, California",Red Wine,98,"Dunn Vineyards produces only 2,500 cases of Howell Mountain Cabernet Sauvignon. This wine is 100% Cabernet Sauvignon."
20638,Dutschke The 22 Year Old Tawny (375ML half-bottle),Australia,,98,"""The 22 year old Tawny"" is a blend of some fantastic individual components. Over recent years I have put together a 1,500 litre (5 Hogshead) Solera, where I now am able to bottle off a small volume of some consistently good quality port for my mail order and US market. Verdelho, Grenache and Shiraz make up over 70% of the blend, with much of this being over 30 years old, and responsible for adding lusciousness and the great ""rancio"" characters. This blend has also a splash of Frontignac, Rutherglen Muscat and a component of 33 year old Palomino that I included to add more complexity and richness.Each of these individual fortified wines have been left to rest and mature untouched for many years. My job was to find them all and blend together to generate a wonderful combination of flavours."
20640,Dutschke The Tokay (half-bottle),Australia,,98,"Having a real love for good Aussie fortifieds I have now put together ""The Tokay"". It's a blend of Barossa Valley Tokay with the lusciousness, and nuttiness you'd expect from the Rutherglen Tokay's.  The idea of a Tokay developed during vintage 2002 when cousin Jeff asked if I could make him a barrel of Tokay for him to stow away in his shed. There was one remaining row of old Tokay in the vineyard and it's days looked to be numbered. This Tokay had recently been used for a local winemaker's sparkling wine base and was no longer required. The plan was to make a barrel of fortified Tokay for the shed and after vintage knock the vines out with the bulldozer. I struck a deal with Jeff, agreeing that if the wine shaped up well that maybe we would get to keep the vines.   We produced 4 hogsheads and the wine was great, and as a result the vines are now here to stay. 2 barrels of Tokay are in Jeff's shed and I got to take the rest. "
20961,Elderton Command Shiraz 2000,"Rias Baixas, Spain",Red Wine,97,Number 27 on 
21512,Eroica 1998 Single Berry Select 1997,"Columbia Valley, Washington",White Wine,98,"""Breathtaking in its richness and power, yet balanced against a lacy web of acidity that keeps the sticky, syrupy textures from going over the top. Flavors of apricot, baked apple, dried pineapple and tropical fruit last and last. Drink now through 2020. 100 cases made. (HS)"""
21594,Espectacle Espectacle del Montsant (1.5L Magnum) 2010,Spain,Red Wine,98,"Moderately intense red color with purple hues. The aroma, at first appears to be closed; immidiately seduces with an unusual complexity and intensity. Initially stands a background of ripe black fruit wrapped in hardwood. As air reaches the wine, it's scent completely changes to a citric orange and floral notes that are so characteristic for this unique wine. The rose and the orange blossom fill the glass with a surprising exuberance. On the palate is it opulent, seductive and highly persistant. As in previous years, it's high concentration relies on the aroma and not on a great tannic structure. It's a wine that grows on the palate as the seconds pass. Yet another year, this wine reflects the formidable personality of centenary vines from an unmistakable region."
21596,Espectacle Espectacle del Montsant 2010,Spain,Red Wine,98,"Moderately intense red color with purple hues. The aroma, at first appears to be closed; immidiately seduces with an unusual complexity and intensity. Initially stands a background of ripe black fruit wrapped in hardwood. As air reaches the wine, it's scent completely changes to a citric orange and floral notes that are so characteristic for this unique wine. The rose and the orange blossom fill the glass with a surprising exuberance. On the palate is it opulent, seductive and highly persistant. As in previous years, it's high concentration relies on the aroma and not on a great tannic structure. It's a wine that grows on the palate as the seconds pass. Yet another year, this wine reflects the formidable personality of centenary vines from an unmistakable region."
21597,Espectacle Espectacle del Montsant 2012,Spain,Red Wine,99,"Its color is surprisingly intense compared to previous vintages. Bright, airy and deep, it delights us with a lush appearance in which clear violet notes on a ruby background can be distinguished. The wine initially evokes notes of red fruits on a well defined floral background. Rose and violet notes quickly appear. These are surrounded by increasing complexity in which cocoa and cassis are clearly distinguished. Gradually, as it aerates, the wine's aroma expands and characteristic notes of orange blossom appear. In the month it is opulent and very unctuous. Almost immediately its intense, agreeable texture caresses the palate giving very pleasant sensations and leaving us with a pleasant and long finish."
21599,Espectacle Montsant 2014,"Montsant, Spain",Red Wine,97,"Its color is surprisingly intense compared to previous vintages. Bright, airy and deep, it delights us with a lush appearance in which clear violet notes on a ruby background can be distinguished. The wine initially evokes notes of red fruits on a well defined floral background. Rose and violet notes quickly appear. These are surrounded by increasing complexity in which cocoa and cassis are clearly distinguished. Gradually, as it aerates, the wine's aroma expands and characteristic notes of orange blossom appear. In the month it is opulent and very unctuous. Almost immediately its intense, agreeable texture caresses the palate giving very pleasant sensations and leaving us with a pleasant and long finish."
21705,Evening Land Seven Springs Vineyard La Source Pinot Noir 2012,"Eola-Amity Hills, Willamette Valley, Oregon",Red Wine,98,#3 
21811,Failla Hirsch Vineyard Pinot Noir 2010,"Sonoma County, California",Red Wine,97,"Aromatics of the Hirsch Vineyard Pinot Noir 2010 are quintessential Hirsch; expressive with raspberry, green tea, sandalwood and balsam. The palate shows the noble side of Pinot Noir; fine but resolved tannins that give way to great freshness as a result of the well preserved acidity."
21815,Failla Occidental Ridge Vineyard Pinot Noir 2010,"Sonoma County, California",Red Wine,97,"2010 brought out more of Occidental's savory side with aromatics of maple syrup, pecan, and sassafras. Brighter on the palate this vintage, with a juicy mouthfeel balanced by acidity and resolved firm tannins."
21982,Famille Perrin Gigondas l'Argnee Vieilles Vignes 2012,"Gigondas, Rhone, France",Red Wine,97,"This wine gets its exceptional aromas from vines spanning less than 1 hectare, with nearly 100 years in age."
22145,Fattoria Le Pupille Elisabetta Geppetti Saffredi (1.5 Liter Magnum) 2013,"Tuscany, Italy",Red Wine,98,"Rich garnet red in color, with an opulent bouquet of black plums, cassis, cedar spice, and violet this wine exudes pedigree. Warm and luscious, the fruit expands on the palate as the well-integrated tannins fill the mouth.  Long and lingering the finish is unforgettable."
22147,Fattoria Le Pupille Elisabetta Geppetti Saffredi (1.5 Liter Magnum) 2017,"Tuscany, Italy",Red Wine,97,"Deep ruby color with purple reflections. It shows pronounced flavors of black fruits like blackcurrant and black cherry along with spicy aromas of cloves, cinnamon and licorice. The palate has a generous velvety texture with round tannins and a return of the fruit for a long and persistent finish."
22152,Fattoria Le Pupille Elisabetta Geppetti Saffredi 2013,"Tuscany, Italy",Red Wine,98,"Rich garnet red in color, with an opulent bouquet of black plums, cassis, cedar spice, and violet this wine exudes pedigree. Warm and luscious, the fruit expands on the palate as the well-integrated tannins fill the mouth.  Long and lingering the finish is unforgettable."
22156,Fattoria Le Pupille Elisabetta Geppetti Saffredi 2017,"Tuscany, Italy",Red Wine,97,"Deep ruby color with purple reflections. It shows pronounced flavors of black fruits like blackcurrant and black cherry along with spicy aromas of cloves, cinnamon and licorice. The palate has a generous velvety texture with round tannins and a return of the fruit for a long and persistent finish."
22231,FEL Savoy Vineyard Pinot Noir 2015,"Anderson Valley, Mendocino, California",Red Wine,97,"Aromatic waves of black cherry, pomegranate, and boysenberry fill the glass of this elegantly concentrated wine. Subtle notes of anise, black tea leaves, and redwood needles add further depth and complexity to the nose. The weight and concentration of this heady wine is immediately apparent in the mouth, with dense layers of black fruit, pencil shavings, and hints of cocoa. The velvet-like tannins provide structure that is punctuated by a refreshingly acidic finish that lingers in the mouth for several minutes. This wine will age gracefully for a full decade or more. "
22346,Felsina Maestro Raro Cabernet Sauvignon 2016,"Tuscany, Italy",Red Wine,97,"The grapes come from the vineyards Rancia Piccola and Poggiolo, the first also called Mastro Raro, adjacent and similar to that of Rancia. The best-known and most wydely-planted red grape in the world, Cabernet Sauvignon, was planted here, right in the locus of the Felsina terroir at its most classic. First vintage 1987. "
22471,Ferrari Giulio Ferrari Riserva del Fondatore 2006,"Trentino, Trentino-Alto Adige, Italy",Sparkling & Champagne,97,"It presents itself in the glass with a glowing golden hue, highlighted by extremely fine, persistent bubbles. The bouquet displays an incredible succession of sensations that continue to alternate, ranging from citrus zest to creamy eggnog, from mango to sugared almonds, and from acacia blossom to freshly baked brioche, all underpinned by an enticing hint of iodine. The entry on the palate is sumptuous in its unbridled elegance and light in its incredibly concentrated fruitiness, which offers reminiscences of ripe pineapple, dried fruits and toasted hazelnuts. The finish is very refined, revealing lingering brackish notes that give even greater length to the aftertaste."
22767,Figgins Estate Red Wine 2010,"Walla Walla Valley, Columbia Valley, Washington",Red Wine,97,"Intoxicating aromas of cinnamon, dried flowers, baking spices, and blackberry puree. Not as immediately sexy and appealing as the voluptuous 2009 but exhibiting all of the same charactersitics of Figgins Estate Vineyard with more classic structured backbone and long term attractiveness.. This vintage shows amazing purity of fruit and aromatics, balanced by the structure and acidity of a cool vintage, with an immaculate finish to both the weather and the wine."
23068,Flowers Sea View Ridge Pinot Noir 2010,"Sonoma County, California",Red Wine,98,"Deep vibrant red color. Delicate floral notes of rose petal and bergamot combine with hints of forest floor, earth and ripe cherry. Flavors emerge with raspberry, red current and dried cherry with hints of graphite and other minerals. The wine's texture is elegant and smooth across the palate with an enduring finish."
23182,Fonseca Vintage Port 1992,Portugal,Collectible,97,"Fonseca vintage ports are renowned for their great fruit richness and voluptuousness, and, while powerful and mouthfilling, for their breed and balance.  In the context of each vintage, they combine the tannic dimension and grip which give great port its longevity with the structure and complexity that are Fonsecas hallmark."
23183,Fonseca Vintage Port 1994,Portugal,Collectible,97,"Dark red, ruby edge. Dense blackcurrant fruit, very fresh and elegant, incredible balance of fine fruit and the first hints of bottle maturity. On the palate it is very full, with lots of fine tannins which carry loads of fresh blackcurrant fruit. The youth it still holds today is the testament of how extraordinary this vintage is, and the capacity it has to continue to age for the rest of this century."
23686,Freemark Abbey Bosche Cabernet Sauvignon 2012,"Rutherford, Napa Valley, California",Red Wine,97,"Dark ruby in color, the 2012 Bosché has sweet black cherry aroma with integrated oak spice and black fruits. The complexity in the nose expresses green olive, aromatic cedar, walnut meat, mushroom and dark chocolate. The flavor is big, voluptuous, soft and velvety, with rich great depth of black fruit. The tannins are well integrated providing a very long fruitful finish."
23733,Freemark Abbey Sycamore Cabernet Sauvignon 2015,"Rutherford, Napa Valley, California",Red Wine,97,"This opaque dark ruby wine has aromas of black currant and blueberry, with nuances of blackberry jam on toast, dark chocolate truffle, and forest floor. The oak adds the right amount of complexity with aromatic cedar, cinnamon, and clove. The wine has a great depth of black fruit flavor, with a strong expression of sweet black cherry and dark plum. There is a complexity in the nose that hints of tobacco, Mexican spice, and a briary thicket. This full-bodied cabernet sauvignon has expressive tannin, and, with good acidity, shows great aging potential. "
23795,Frescobaldi Castelgiocondo Brunello di Montalcino Riserva 1999,"Montalcino, Tuscany, Italy",Red Wine,97,"A generous, multi-layered aromatic spectrum, veined with crisp nuances of menthol, followed by clean-edged fragrances of dark red berries, in particular blackberry and blueberry. Last to emerge are notes of rich spice, where elegant hints of black pepper and cinnamon predominate, capped by pungent tobacco leaf.  "
23811,Frescobaldi Castiglioni Giramonte 2006,"Tuscany, Italy",Red Wine,97,"Giramonte is Tenuta di Castiglioni's single-vineyard cru, produced in limited quantities from merlot and sangiovese. A purple-rimmed ruby red, so intense as to be almost opaque. Intense aromas of wild cherry and blackberry, both fresh-picked and as preserves, in addition to roasted hazelnuts, espresso beans, chocolate, vanilla, and cocoa butter, with spicy impressions of clove. Rich and smooth in the mouth, with an emphatic suite of smooth, velvety tannins and very lengthy development and finish."
24005,Fuligni Brunello di Montalcino Riserva 2001,"Montalcino, Tuscany, Italy",Red Wine,97,"Only made in the finest years, the Fuligni Brunello di Montalcino Riserva shows remarkable elegance and complexity, and a beautiful bouquet of marasca cherries, tobacco and mint, with a lovely, long finish."
24017,Futo (1.5 Liter Magnum) 2007,"Napa Valley, California",Red Wine,97,FUTO is the culmination of our efforts to produce the finest Cabernet-based blend possible from our estate vineyards. In making FUTO we strive for a balance of complexity and focus. We believe the wine should display power while retaining the site-specific characteristics that make the wine unique. 
24022,Futo 2007,"Oakville, Napa Valley, California",Red Wine,97,FUTO is the culmination of our efforts to produce the finest Cabernet-based blend possible from our estate vineyards. In making FUTO we strive for a balance of complexity and focus. We believe the wine should display power while retaining the site-specific characteristics that make the wine unique.
24025,Futo 2011,"Oakville, Napa Valley, California",Red Wine,97,"This wine’s aroma has it all: plums, incense, tobacco leaf, violets, and exotic spices. Zero racking and extended lees contact has given the 2011 FUTO a satisfying balance of creamy richness and superb freshness. Generous and inviting flavors of black-skinned fruits, cappuccino, citrus and cloves work in harmony with the sweet tannin and well integrated oak. While texturally approachable now, the inner density and complexity of this wine will continue to unfold with cellar age."
24027,Futo 2013,"Oakville, Napa Valley, California",Red Wine,98,"A complex wine from a complex estate. The FUTO Oakville Estate Red Wine finds its feet with rich, sumptuous Cabernet Sauvignon but leans heavily on Cabernet Franc for poise and finesse. Petit Verdot is layered in for good measure."
24029,Futo Cabernet Sauvignon 5500 (1.5 Liter Magnum) 2013,"Oakville, Napa Valley, California",Red Wine,98,"An opulent wine with saturated purple color. Pure aromas of black cassis, kirsch, mulberry and violets. A wine of great intensity and presence, but freshness and precision. The oak is nearly all concealed by the fruit which is penetrating and supported by powdery tannins and perfect acidic tension. The finish is complex with an added mineral stain leaving no doubt this wine has the reserves to age for decades."
24030,Futo Cabernet Sauvignon 5500 2012,"Stags Leap District, Napa Valley, California",Red Wine,99,"An opulent wine with saturated purple color. Pure aromas of black cassis, kirsch, mulberry and violets. A wine of great intensity and presence, but freshness and precision. The oak is nearly all concealed by the fruit which is penetrating and supported by powdery tannins and perfect acidic tension. The finish is complex with an added mineral stain leaving no doubt this wine has the reserves to age for decades."
24031,Futo Cabernet Sauvignon 5500 2013,"Oakville, Napa Valley, California",Red Wine,98,"An opulent wine with saturated purple color. Pure aromas of black cassis, kirsch, mulberry and violets. A wine of great intensity and presence, but freshness and precision. The oak is nearly all concealed by the fruit which is penetrating and supported by powdery tannins and perfect acidic tension. The finish is complex with an added mineral stain leaving no doubt this wine has the reserves to age for decades."
24168,Gaja Costa Russi 1997,"Piedmont, Italy",Red Wine,97,"Drinking wonderfully at the moment, but will improve further with age. Aromas of berry, mint, roses and violets follow through to a medium-to full-bodied palate, with round, velvety tannins and a ripe fruit aftertaste. Drink now through 2010."
24169,Gaja Costa Russi 1996,"Piedmont, Italy",Red Wine,97,"Drinking wonderfully at the moment, but will improve further with age. Aromas of berry, mint, roses and violets follow through to a medium-to full-bodied palate, with round, velvety tannins and a ripe fruit aftertaste. Drink now through 2010."
24176,Gaja Costa Russi 2007,"Piedmont, Italy",Red Wine,97,"Dark ruby/purple.  A captivating and refined nose with well-integrated aromas of blackberries, violets and roasted coffee beans. Elegance and crystal purity characterize this extremely complex and densely woven wine with an aging potential of decades."
24228,Gaja Sori Tildin 1997,"Piedmont, Italy",Red Wine,97,"This Piedmont beauty is dark in color and beautifully compacted on the midpalate, where it displays gorgeous blackberry, black cherry, mint and spicy oak notes. Tannins are firm and ripe. A serious red that needs time. Best from 2002 through 2008."
24251,Gaja Sperss 2007,"Piedmont, Italy",Red Wine,97,"The nose shows a dark, pure and very focused fruit with classic hints of tar, licorice and a touch of truffles. Sperss displays the austere character typical of Serralunga terroir: deep structure and lots of ripe tannins. Dense, massive yet seamless, this beautifully integrated wine possesses low acidity as well as a terrific finish."
24271,Galardi Roccamonfina Terra di Lavoro 2004,Italy,Red Wine,97,"The wine is deep purple in color with smoky, earthy aromas and hints of tobacco and graphite. Notes of ripe black cherries, cassis, tobacco and leather come through on the palate of this big-structured, full-bodied wine. This iconic wine pairs beautifully with Italian or French pot roasts, filet mignon or aged cuts of beef. "
24274,Galardi Roccamonfina Terra di Lavoro 2008,Italy,Red Wine,97,"The family owned Galardi estate produces just one wine and it does so with perfection. Located onvolcanic slopes in northwestern Campania, the vineyards are nestled among chestnut groves andbenefit from Mediterranean Sea breezes. Terra di Lavoro actually means ""land of work"" in Italian, aname that has historical roots, but also accurately reflects the difficult volcanic soil compositionwhich results in very low yields. In this challenging environment, Aglianico and its supporting grapePiedirosso produce wines of incredible depth, complexity and elegance."
24706,Giacomo Conterno Cascina Francia Barolo (1.5 Liter Magnum) 2004,"Barolo, Piedmont, Italy",Red Wine,97,"In years of outstanding quality, a selection is made while the Nebbiolo grapes are still on the vines, and the very best are reserved to become Monfortino. The two Barolos are fermented identically, with the exception that no temperature control is employed for Monfortino no matter how high the temperatures may go. The wines are then racked into their respective botti for elevage. The Barolo ""Cascina Francia"" is bottled after approximately four years in wood, and the Monfortino after approximately seven years."
24707,Giacomo Conterno Cascina Francia Barolo 2004,"Barolo, Piedmont, Italy",Red Wine,97,"In years of outstanding quality, a selection is made while the Nebbiolo grapes are still on the vines, and the very best are reserved to become Monfortino. The two Barolos are fermented identically, with the exception that no temperature control is employed for Monfortino no matter how high the temperatures may go. The wines are then racked into their respective botti for elevage. The Barolo ""Cascina Francia"" is bottled after approximately four years in wood, and the Monfortino after approximately seven years."
24708,Giacomo Conterno Monfortino Barolo Riserva 2002,"Barolo, Piedmont, Italy",Red Wine,98,Fruit Source:Cascina Francia cru in Serralunga 
24709,Giacomo Conterno Monfortino Barolo Riserva 2006,"Barolo, Piedmont, Italy",Red Wine,98,"The bouquet is perfectly matched to the wine. Elegance and finesse add contrast to the wine’s sheer power and determination. Dried rose, licorice, tar, spice and tobacco show immense definition and focus."
24710,Giacomo Conterno Monfortino Barolo Riserva 2010,"Barolo, Piedmont, Italy",Red Wine,97,"Since 1978, both Barolos—Monfortino and Cascina Francia—have been sourced exclusively from Cascina Francia. Monfortino represents, of course, a selection of the best grapes in the greatest years. But it also made differently, first undergoing an uncontrolled fermentation at relatively high temperatures. On average, Monfortino also remains an additional three years longer in large oak casks (botti). Monfortino’s extra aging in cask, says Roberto, is a consequence of the extraordinary structure, power and concentration of the wine."
24901,Giuseppe Rinaldi Barolo Brunate 2010,"Barolo, Piedmont, Italy",Red Wine,97,#51 
24908,Glaetzer Amon Ra Shiraz (1.5 Liter Magnum) 2006,"Barossa Valley, Barossa, South Australia, Australia",Red Wine,99,"97-100 points WA ""Amon-Ra has become one of Australia's icon wines. Made from 100% Shiraz sourced from vineyards ranging in age from 80-120 years and with microscopic yields of 0.5 tons per acre, the 2006 Amon-Ra was aged for 15 months in new French and American oak. The wine is a thick, glass-coating, purple/black in color. The aromas cover a wide range of scents including smoke, vanilla, pepper, Asian spices, coconut, espresso, blueberry, and chocolate. Thick, rich, layered, and complete, this monumental wine offers extraordinary intensity and length. It requires 10-15 years to fully evolve and should easily last through 2040. Hats off to Ben Glaetzer for producing an extraordinary portfolio! The renowned winemaker, Ben Glaetzer, sources all of his fruit for this label from the Ebenezer district in the northern Barossa. Many knowledgeable experts cite this sub-region as the finest in the Valley."" - Wine Advocate"
24911,Glaetzer Amon Ra Shiraz 2007,"Barossa Valley, Barossa, South Australia, Australia",Red Wine,99,"Amon-Ra is considered to be the king of all gods. The temple of Amon-Ra, now known as the temple of Karnak, was believed to be the first temple to ever plant a mono-culture vineyard to produce wine for the citizens of the temple. Rameses 111 lists 513 vineyards belonging to the temple of Amon-Ra."
24920,Glaetzer Anaperenna Shiraz/Cabernet Sauvignon 2006,"Barossa Valley, Barossa, South Australia, Australia",Red Wine,97,"""The 2006 Shiraz (75%) – Cabernet Sauvignon (25%) ""Anaperenna"" is the wine formerly known as Godolphin, the change resulting from a trademark dispute. It was aged for 15 months in new French and American oak. Opaque purple, it offers a sensational bouquet of pain grille, scorched earth, meat, game, blueberry, and black currants. This is followed by a surprisingly elegant yet powerful, structured wine with gobs of spicy fruit, ripe tannins, and a plush texture. The long, 60-second finish is succulent and sweet. Give this classy wine 4-6 years in the cellar and enjoy it through 2030. Hats off to Ben Glaetzer for producing an extraordinary portfolio! The renowned winemaker, Ben Glaetzer, sources all of his fruit for this label from the Ebenezer district in the northern Barossa. Many knowledgeable experts cite this sub-region as the finest in the Valley."""
24930,Glaetzer Godolphin Shiraz/Cabernet Sauvignon 2004,"Barossa Valley, Barossa, South Australia, Australia",Red Wine,98,"The wine is a seamless fusion of two varieties, Shiraz and Cabernet Sauvignon. A vibrant plummy red in color. On the nose, there are lifted blackcurrant and briary fruit, expressive of Cabernet Sauvignon, with pure cinnamon and chocolate spice. The Cabernet components remained on skins for 2-3 months and developed a savory complexity which tightens the shiraz. The palate has leafy, herbaceous notes and rich dark fruit flavours. Well-rounded and velvety, the tannins are ripe and focussed."
25356,Greenock Creek Alices Shiraz 2001,"Barossa Valley, Barossa, South Australia, Australia",Red Wine,98,"Rich and fleshy, with pretty coffee, plum, wild berry and spice notes that are smooth and polished, long and flavorful.  An extremely limited release wine from one of Australia's ""Cult"" wineries."
25358,Greenock Creek Alices Shiraz 2004,"Barossa Valley, Barossa, South Australia, Australia",Red Wine,98,"""The 2004 Shiraz ""Alice's Block"" received the same 28 months in used American oak. The riveting nose of smoke, asphalt, earth, truffle, blackberry, and blueberry roars from the glass. Dense, packed, and opulent, it somehow is able to concurrently exhibit finesse and elegance. Amazingly pure and long in the finish, one's first reaction is that it cannot get any better. Remarkably, it does. Greenock Creek Vineyard and Cellars, owned by Michael and Annabelle Waugh, is one of the Barossa's benchmark wineries. Start with a great terroir, add in old vine material, and meticulous winemaking and the results are usually extraordinary."" - Wine Advocate"
25359,Greenock Creek Alice's Shiraz 2003,"Barossa Valley, Barossa, South Australia, Australia",Red Wine,97,"Rich and fleshy, with pretty coffee, plum, wild berry and spice notes that are smooth and polished, long and flavorful.  An extremely limited release wine from one of Australia's ""Cult"" wineries."
25363,Greenock Creek Apricot Block Shiraz 2001,"Barossa Valley, Barossa, South Australia, Australia",Red Wine,99,"The Shiraz Apricot Block, 360 cases produced from microscopic yields of .9 tons of fruit per acre (8-year old vines), tips the scales at 14.5% alcohol, and was aged in both new and old large American barrels (called hogsheads) prior to being bottled unfiltered.  This dense, chewy Barossa classic has a finish that lasts over 60 seconds. Although still somewhat primary, it reveals tremendous potential, even from this challenging vintage."
25374,Greenock Creek Creek Block Shiraz 2004,"Barossa Valley, Barossa, South Australia, Australia",Red Wine,99,"This ones not as swampy and marshy as many Creek Blocks have been, and while many have displayed fennel aromas - the volatile fennel grows right along the creek - the distinguishing factorthat tells us this is Creek Block is its mild Dutch licorice tang, with that pinch of salt. Theres no Piltdown Man this year, but a pleasant touch of tea tin, and overt chocolate, like in 1999 and 2003,with a pleasing shot of after dinner mint as well. The palates massive and squishy, like dark chocolate custard in a trifle, and that black tea comes back with its tannin to balance the lingering,solicitous, salacious finish. Like the 1999, the wine seems more alluringly feminine than most Creek Blocks."
25375,Greenock Creek Roennfeldt Road Shiraz 1997,"Barossa Valley, Barossa, South Australia, Australia",Red Wine,98,"This flagship wine is a monster from century old vines.  It speaks for itself – complex and intense, with masses of berry fruit and spice flavors that are complemented with a lovely oak finish that lingers on and on."
25376,Greenock Creek Roennfeldt Road Shiraz 1999,"Barossa Valley, Barossa, South Australia, Australia",Red Wine,98,"It is no accident that the  1995, 1996 & 1998 vintage received a perfect 100 point score by Robert Parker.  We think this vintage is just as impressive.  Extremely allocated! "
25378,Greenock Creek Roennfeldt Road Shiraz 2001,"Barossa Valley, Barossa, South Australia, Australia",Red Wine,99,"Greenock Creek Vineyard and Cellars, owned by Michael and Annabelle Waugh, is one of the Barossa's benchmark wineries. Start with a great terroir, add in old vine material, and meticulous winemaking and the results are usually extraordinary."
25381,Greenock Creek Seven Acres Shiraz 2001,"Barossa Valley, Barossa, South Australia, Australia",Red Wine,98,"The Shiraz Seven Acre appears more earth-driven, revealing notes of tar, creosote, creme de cassis, licorice, and a hint of truffles. While firmer and more tannic, savage, and animal-like than its sibling, it possesses extraordinary density, power, and richness. Thirteen year old vines cropped at 1.4 tons of fruit per acre produced less than 100 cases."
25751,Guigal Chateau D'Ampuis Cote Rotie 2010,"Cote Rotie, Rhone, France",Red Wine,97,#77 
25853,Guigal Ermitage Ex Voto Blanc 2005,"Hermitage, Rhone, France",White Wine,97,"""Light gold. A stunning bouquet offers powerful pear, peach pit, anise, salty minerality and a huge wallop of smoky peat-this smells like an Islay whisky! Painfully concentrated pit fruit flavors are complemented by orange peel, clove and smoked meat, but there's an elegance to this that's reminiscent of a top-notch Burgundy. A simply remarkable wine, with uncanny complexity and depth of flavor."""
25856,Guigal Ermitage Ex Voto Blanc 2010,"Hermitage, Rhone, France",White Wine,98,"White flowers, haythorne, and acacia honey predominate on the nose. Aromatic and very powerful. Very expressive and fleshy fruit on the palate. The white comes from two parcels, les Murets (90%) and L'Hermite (10%). These two wines represent the pinnacle of the appellation, with exceptional concentration and great potential longevity. "
25859,Guigal Ermitage Ex Voto Blanc 2013,"Hermitage, Rhone, France",White Wine,97,"Brilliant clean straw yellow. Powerful and intense aromas of white flowers, acacia honey and hawthorn blossom. Rich and full-bodied on the palate. Fully expressive of the terroir which lends this Hermitage body and strength. "
25862,Guigal Ermitage Ex Voto Rouge 2009,"Hermitage, Rhone, France",Red Wine,97,"Ruby red with purplish highlights. A nose of black fruits, leather, licorice, as well as aromas of roasting, oriental spices, and eucalyptus. There is powerful aromatic intensity and a lot of fullness and structure in the mouth. A very assertive expression of terroir which expresses the elegance and power of its tannins. This wine is one for very long aging, massive and concentrated, it has a rare intensity of flavor and color. "
25863,Guigal Ermitage Ex Voto Rouge 2010,"Hermitage, Rhone, France",Red Wine,98,"The Hermitage Ex Voto Rouge displasys deep dark ruby color with mauve tints with aromas of black fruits, leather, licorice, coffee flavor and oriental spices. Powerful attack with richness and an important tannic structure. This wine expression fully the terroir trough its finesse and the strength of its tannins. Great ageing potential, structured and concentrated with a rare intensity of flavor and color."
25865,Guigal Ermitage Ex Voto Rouge 2013,"Hermitage, Rhone, France",Red Wine,97,"Black fruits, leathers, licorice, aromas of roasting and oriental spices. Notes of eucalyptus. Very powerful aromatic intensity. A lot of richness and structure on the palate. Very strong expression of the terroir which expresses itself by the elegance and the power of its tannins."
25892,Guigal La Doriane Condrieu 2006,"Condrieu, Rhone, France",White Wine,97,100% Viognier  
25901,Guigal La Landonne Cote Rotie 1997,"Cote Rotie, Rhone, France",Red Wine,97,"Red-black robe with dark nuances. On the nose, intense and powerful aromas of black fruits, licorice, Asian spices and roast. The attack on the palate reveals power, concentration as well as massively structured but elegant tannins. The wine magnificently translates its terroir.  "
25903,Guigal La Landonne Cote Rotie 2006,"Cote Rotie, Rhone, France",Red Wine,97,"The 2006 vintage produced wines with more forward fruit than 2005, but with good tannic structure and at least 20 years of aging potential in a good cellar. "
25904,Guigal La Landonne Cote Rotie 2007,"Cote Rotie, Rhone, France",Red Wine,97,"A 2.1 hectare site planted entirely with Syrah, La Landonne has been produced since 1978. Guigal acquired the vineyard from numerous small owners, building his holding parcel by parcel over a decade. The vineyard is on one of the steepest of the Côte Brune, a 45 degree slope on pure schist. This is often the most tannic and structured of the Cote Roties, and can take decades to reveal its true potential."
25906,Guigal La Landonne Cote Rotie 2009,"Cote Rotie, Rhone, France",Red Wine,99,"An almost lack red dress with very dark tints. On the nose, small black fruit, leather, licorice and roasted aromas and oriental spices. Strong aromatic intensity. The wine is powerful in the mouth and shows massive structure of tannins and concentration. An assertive expression of terroir."
25907,Guigal La Landonne Cote Rotie 2010,"Cote Rotie, Rhone, France",Red Wine,99,"La Landonne displays red/black color with deep dark tints with aromas of black fruits, licorice and roasted notes and oriental spices. Powerful and intense aromas. Powerful attack with important tannic structure. Rich and concentrated. Fully expressive of the terroir. Great ageing potential, structured and concentrated with a rare intensity of flavor and color."
25908,Guigal La Landonne Cote Rotie 2011,"Cote Rotie, Rhone, France",Red Wine,98,"La Landonne displays red/black color with deep dark tints with aromas of black fruits, licorice and roasted notes and oriental spices. Powerful and intense aromas. Powerful attack with important tannic structure. Rich and concentrated. Fully expressive of the terroir. Great ageing potential, structured and concentrated with a rare intensity of flavor and color."
25909,Guigal La Landonne Cote Rotie 2012,"Cote Rotie, Rhone, France",Red Wine,98,"La Landonne displays red/black color with deep dark tints with aromas of black fruits, licorice and roasted notes and oriental spices. Powerful and intense aromas. Powerful attack with important tannic structure. Rich and concentrated. Fully expressive of the terroir. Great ageing potential, structured and concentrated with a rare intensity of flavor and color."
25910,Guigal La Landonne Cote Rotie 2013,"Cote Rotie, Rhone, France",Red Wine,98,"Reddish black with deep dark tints. Small black fruits, liquorice and oriental spices on the nose. Powerful and intense aromas. Powerful attack with important tannic structure. Rich and concentrated. Fully expressive of the terroir. Overall, great aging potential, structured and concentrated with a rare intensity of flavor and color."
25911,Guigal La Landonne Cote Rotie 2015,"Cote Rotie, Rhone, France",Red Wine,99,"Reddish black with deep dark tints. Small black fruits, licorice and oriental spices on the nose. Powerful and intense aromas. Powerful attack with important tannic structure. Rich and concentrated. Fully expressive of the terroir. Overall, great aging potential, structured and concentrated with a rare intensity of flavor and color."
25912,Guigal La Landonne Cote Rotie 2014,"Cote Rotie, Rhone, France",Red Wine,98,"Reddish black with deep dark tints. Small black fruits, licorice and oriental spices on the nose. Powerful and intense aromas. Powerful attack with important tannic structure. Rich and concentrated. Fully expressive of the terroir. Overall, great aging potential, structured and concentrated with a rare intensity of flavor and color."
25917,Guigal La Mouline Cote Rotie 2005,"Cote Rotie, Rhone, France",Red Wine,99,"""The black/purple-colored 2005 Cote Rotie La Mouline offers up scents of soy, bacon fat, barbecue smoke, espresso roast, and a hint of caramelized chocolate. While enormously rich, opulent, and fleshy, even in this tannic, structured year, it possesses a finesse and softness that are hard to believe. This stunning 2005 should drink beautifully for 25 or more years."""
25919,Guigal La Mouline Cote Rotie 2010,"Cote Rotie, Rhone, France",Red Wine,99,"La Mouline displays ruby red color with red vermillion tints. Small red fruits, blackberry and floral violet aromas .Intensely aromatic, powerful but full of finesse. Supple with balance between the finesse of the aromas and an explosive richness due to the concentration of the wine. Greatly expressive of the terroir. A feminine wine with voluptuous silky texture and intense aromas."
25921,Guigal La Mouline Cote Rotie 2009,"Cote Rotie, Rhone, France",Red Wine,98,"Ruby red with bright red highlights. On the nose, small red fruits, blackberry and floral aromas of violets, powerful but fine aromatic intensity. The wine has a soft mouthfeel and beautiful harmony between the fine flavors and explosive richness due to the concentration. A voluptuous feminine wine with a velvety or silky texture and intense aromatics."
25924,Guigal La Mouline Cote Rotie 2014,"Cote Rotie, Rhone, France",Red Wine,97,"Ruby red in color, this wine offers aromas of small red fruits, blackberry and violet. It is intensely aromatic -- powerful, but full of finesse. On the palate, the wine is supple, with balance between the finesse of aromas and an explosive richness due to the wine's concentration. Greatly expressive of the terroir."
25925,Guigal La Mouline Cote Rotie 2015,"Cote Rotie, Rhone, France",Red Wine,98,"Ruby red in color, this wine offers aromas of small red fruits, blackberry and violet. It is intensely aromatic -- powerful, but full of finesse. On the palate, the wine is supple, with balance between the finesse of aromas and an explosive richness due to the wine's concentration. Greatly expressive of the terroir."
25929,Guigal La Turque Cote Rotie 2003,"Cote Rotie, Rhone, France",Red Wine,98,"""The 2003 Cote Rotie La Turque reveals an incredible nose of incense, black truffles, blackberries, espresso roast, roasted meats, melted road tar, tapenade, and bacon. A meaty, full-bodied, extraordinarily concentrated wine with a viscous texture, a remarkable finish, and even more tannin and body than La Mouline, it requires 4-5 years of cellaring, and should drink well over the following 30+."""
25931,Guigal La Turque Cote Rotie 2005,"Cote Rotie, Rhone, France",Red Wine,99,"""The sumptuous 2005 Cote Rotie La Turque is a candidate for perfection. Abundant tannin and structure, a black/purple color, and a beautiful nose of graphite, asphalt, charcoal, blackberries, blueberries, espresso roast, chocolate, pepper, and lychee nut are found in this sensationally concentrated, multidimensional, profound wine. It will last for 25-35 years."""
25935,Guigal La Turque Cote Rotie 2009,"Cote Rotie, Rhone, France",Red Wine,98,"Ruby red with dark tints.  On the nose there are aromas of mall red fruits, cherry, and blackberry with powerful and elegant aromatic intensity. There beautiful harmony on the palate, between flexibility, concentration and fine wine selected tannins. An assertive expression of terroir."
25936,Guigal La Turque Cote Rotie 2010,"Cote Rotie, Rhone, France",Red Wine,99,"La Turque displays deep ruby red color with dark tints with aromas small red fruit, blackberry, morello cherry. Intensely aromatic, powerful and elegant. Supple attack with a balanced supple structure, concentration and elegant tannins. Fully expressive of the terroir. With all the virility of the Cote Brune, La Turque also has all the subtlety and femininity of the Cote Blonde."
25937,Guigal La Turque Cote Rotie 2011,"Cote Rotie, Rhone, France",Red Wine,97,"Red fruits, cherry and blackberry dominate the nose on this wine, which is both elegant and intense. Offers smoky, meaty barbecue notes intermixed with forest floor and coffee beans."
25938,Guigal La Turque Cote Rotie 2012,"Cote Rotie, Rhone, France",Red Wine,97,"Red fruits, cherry and blackberry dominate the nose on this wine, which is both elegant and intense. Offers smoky, meaty barbecue notes intermixed with forest floor and coffee beans."
25939,Guigal La Turque Cote Rotie 2013,"Cote Rotie, Rhone, France",Red Wine,98,"Deep ruby red with dark tints. Small red fruit, blackberry, morello cherry Intensely aromatic, powerful and elegant. Supple attack with a balanced supple structure, concentration and elegant tannins. Fully expressive of the terroir. With all the virility of the Cote Brune, La Turque also has all the subtlety and femininity of the Cote Blonde."
25941,Guigal La Turque Cote Rotie 2015,"Cote Rotie, Rhone, France",Red Wine,99,"Deep ruby red in color, this wine offers aromas of small red fruit, blackberry and morello cherry. It is intensely aromatic -- powerful, but elegant. On the palate, the wine has a balanced, supple structure, with great concentration and elegant tannins."
26028,Gundlach Bundschu Vintage Reserve Cabernet Sauvignon 2013,"Sonoma Valley, Sonoma County, California",Red Wine,97,"The 2013 Vintage Reserve is loaded with berries, dark chocolate, violets and dried herbs, espresso, toasty vanilla, and rich earth. Supple tannins meld with blackberries, red currants and cocoa powder to offer mouth-filling texture, great acidity and a lingering finish. This vintage will mature for another 32 years if you're patient or decant for 3+ hours if you're not. "
26303,Harlan Estate (1.5 Liter Magnum) 2004,"Napa Valley, California",Red Wine,97,"For twenty five years, Harlan Estate has been committed to creating a California ""First Growth"" wine estate."
26308,Harlan Estate 1991,"Napa Valley, California",Red Wine,98,"Deep color. a complex, slightly earthy, sweet mineral nose reminiscent of wild brush and undergrowth, glazed fruit, cedar, toasty vanilla, and ripe black currants. With aeration the aromatics grow significantly more multi-faceted, with distinct notes of celery and green olive. Although still outsized in the mouth, it shows remarkable balance with plenty of sweet ripe fruit, enhanced by layers of green and black olives. the finish lingers on with smooth and noticeably ripe tannins. The 1991 has been tightly wound and slow to evolve for much of its life."
26310,Harlan Estate 1997,"Napa Valley, California",Red Wine,97,"Color very dense, nearly opaque. Very ripe, concentrated aromatics of vanilla, minerals, coffee,blackberries, licorice, cassis, prune, and shoyu, with high notes of bright red and black fruitsbehind. The flavors are very thick, ripe, layered, and supple on the palate, with tremendouspower and density. The flavor profile is broad, jammy—almost confectionary—and verycomplex, yet displaying a balance of acidity. Tannins and alcohol harmonize to show anuncommon richness."
26313,Harlan Estate 2004,"Oakville, Napa Valley, California",Red Wine,97,"For twenty five years, Harlan Estate has been committed to creating a California ""First Growth"" wine estate."
26322,Harlan The Maiden 2001,"Oakville, Napa Valley, California",Red Wine,98,"The Maiden represents the second selection from the estate. It is a highly detailed and sumptuous wine, remarkably faithful to the vineyard's pedigree. Accordingly, the resemblance to her ""big sister"" is unmistakable."
26387,Hartford Court Stone Cote Chardonnay 2014,"Sonoma Coast, Sonoma County, California",White Wine,97,"This single-vineyard bottling from one of Hartford Court's most well-known estate vineyards offers aromas of white peach, spiced pears, orange blossom, hazelnuts and crushed rocks. Stone fruit, nectarine and tangelo flavors are counter balanced with a flinty, textural finish."
26600,Heitz Cellar Martha's Vineyard Cabernet Sauvignon (1.5 Liter Magnum) 1985,"Napa Valley, California",Red Wine,98,"Heitz Cellars receives the entire production from the famed vineyard in Oakville for its limited edition of vineyard designated Cabernet Sauvignon.  Its distinctive minty, characteristics, rich flavors, and overall balance have made it one of the most identifiable Cabernet Sauvignons in the world, and one of the most sought after.  To add to its overall complexities, the 100 percent varietal Cabernet is aged for a year in American oak tanks and two and a half years in French limousin oak barrels."
26722,Henry's Drive Reserve Shiraz 2002,Australia,Red Wine,97,"The Reserve Shiraz is the signature wine of Henry's Drive Vignerons and encompasses our approach to winemaking at its finest. Only the most exceptional parcels of fruit are hand selected from our family vineyard. Made with minimal intervention, this  wine  is a true expression of the vineyard, variety, and terroir of Padthaway."
26753,Henschke Hill of Grace Shiraz 1996,"Eden Valley, Barossa, South Australia, Australia",Red Wine,98,100% shiraz grapes from pre-phylloxera material brought from Europe by the early German settlers in the mid 1800s and grown in the Eden Valley wine region.
26757,Henschke Hill of Grace Shiraz 2003,"Eden Valley, Barossa, South Australia, Australia",Red Wine,98,"Dark crimson in color. A complex, spicy nose of tar, anise, blackberries and blueberries with hints of five spice, vanilla and cedar. The sweet, lush and fleshy palate displays great depth and texture, with excellent length and intensity and fine, velvety tannins."
26759,Henschke Hill of Grace Shiraz 2006,"Eden Valley, Barossa, South Australia, Australia",Red Wine,97,"Dark crimson in color. A complex, spicy nose of tar, anise, blackberries and blueberries with hints of five spice, vanilla and cedar. The sweet, lush and fleshy palate displays great depth and texture, with excellent length and intensity and fine, velvety tannins."
26761,Henschke Hill of Grace Shiraz 2009,"Eden Valley, Barossa, South Australia, Australia",Red Wine,97,"Deep red with crimson hues. Complex aromas of red currants, blackberry and marzipan with hints of five spice, dried herbs, black pepper, smoked charcuterie and layers of fine French oak. The palate is deep, rich and textural with a beautiful expression of berry fruits and spice, finishing with long, fine velvety tannins."
26765,Henschke Hill of Grace Shiraz 2015,"Eden Valley, Barossa, South Australia, Australia",Red Wine,98,"Dark crimson in color with deep garnet hues. A concentrated array of aromas of mulberry, blackberry and dark plum indicate the richness to come while savory and complex notes of charcuterie, cedar, sage and five spices tease the senses. Plush and velvety on the palate, the wine has intense fruit concentration with plum, redcurrant, blackberry and anise flavours, yet an enchantingly elegant and refined structure. Layers of silky tannins reveal the impressive depth of the wine before giving way to an incredibly long finish."
26797,Henschke Mount Edelstone Shiraz 2005,"Eden Valley, Barossa, South Australia, Australia",Red Wine,97,"Deep crimson in color with a purple hue. Powerful, ripe aromas of blackberry and plum with complexing hints of star anise, ferns, eucalyptus and dark chocolate. The palate is an intense and concentrated blend of sweet, juicy plum pudding fruit and structured ripe tannin. With mouthfilling power, seamless texture and lingering finish the wine displays the hallmark characters of the Mount Edelstone vineyard in one of its greatest years."
27055,Hidden Ridge 55% Slope Cabernet Sauvignon 2013,"Sonoma County, California",Red Wine,97,"Ripe black fruit aromas pour from the glass followed by notes of spice, cocoa, black tea and hibiscus. The full bodied palate is dense with the flavors of cocoa, blackberry and brown sugar, carried on smooth tannins and supple texture. The flavors of tea, mocha and cherries carry through on the long finish."
27246,Horsepower Vineyards Sur Echalas Vineyard Syrah 2012,"Walla Walla Valley, Columbia Valley, Washington",Red Wine,97,"Giving up classic, Old World Syrah notes of blackcurrants, black olives, smoked meats, ground pepper and violets, this beauty hits the palate with full-bodied richness and is gorgeous, concentrated and expansiveness on the palate, with plenty of of mid-palate depth and length."
27247,Horsepower Vineyards Sur Echalas Vineyard Syrah 2013,"Walla Walla Valley, Columbia Valley, Washington",Red Wine,97,"The self-nourishing interrelationship of earth, plants and animals have been central to vigneron Christophe Baron’s farming philosophy ever since he pioneered biodynamic farming in the Walla Walla Valley in 2002."
27250,Horsepower Vineyards The Tribe Vineyard Syrah 2011,"Walla Walla Valley, Columbia Valley, Washington",Red Wine,98,"The self-nourishing interrelationship of earth, plants and animals have been central to vigneron Christophe Baron’s farming philosophy ever since he pioneered biodynamic farming in the Walla Walla Valley in 2002."
27380,Hundred Acre Kayli Morgan Cabernet Sauvignon 2014,"Napa Valley, California",Red Wine,99,"All Hundred Acre wines are made by sorting the fruit berry by berry, fermenting in small French oak fermenters, and long aging in the finest barriques. The secret to Hundred Acre is no compromise and no detail overlooked, ever."
27541,Immortal Estate Impassable Mountain Cabernet Sauvignon 2014,"Sonoma County, California",Red Wine,98,"Individual barrels are selected from our finest lots each year to compose the Impassable Mountain. Two lots from the upper ridgeline were selected for their power and pure expression of our unique terroir. This vintage is a study in focus and purity, and the concentration and structure will allow it to evolve and unfold for decades to come. This inimitable wine shows dense characters both savory and sweet: black fruit, raspberry, vanilla, clove, cocoa nib, tarragon, cedar, black tea, in endless recursive layers of flavor and texture."
27888,Isole e Olena Cepparello 2013,"Tuscany, Italy",Red Wine,97,"The flagship wine consists of 100% Sangiovese aged in French oak barrels. Over the years, Paolo has refined his Cepparelloby giving it more air during vinification and increasing time spent in oak from 12-14 months to 18-20 months. Although DeMarchi started focusing on the use of better quality oak around 1993, it is the increased age of the vineyards themselvesthat have given Cepparello its overall finesse. The wine is made from a top selection of the estate’s best fruits from thevineyards in Barberino Val d’Elsa in the northern part of Chianti Classico."
28128,Jaboulet Hermitage La Chapelle 1990,"Hermitage, Rhone, France",Red Wine,97,"Intense ruby red color, limpid and bright. Highly complex bouquet, distinguished nose, revealing the Syrah's great finesse. Black fruits, sweet spices and, ultimately, finely woody. Full and generous palate, silky tannins and a very long finish."
28139,Jaboulet Hermitage La Chapelle 2016,"Hermitage, Rhone, France",Red Wine,97,"Intense ruby red, limpid and bright. Highly complex, distinguished nose, revealing the Syrah’s great finesse. Black fruits, sweet spices and, ultimately, finely woody. Full and generous, silky tannins and a very long finish."
28140,Jaboulet Hermitage La Chapelle 2017,"Hermitage, Rhone, France",Red Wine,98,"A legendary cru... Over centuries, this mythical cru has built its reputation on a single hill, and an epic history. In the beginning, the hill was home to a hermitage founded by Henri Gaspard de Sterimberg in 1224. This knight, returning from the Albigensian Crusade, and weary of bloodshed, asked permission to Blanche of Castille to take refuge from the world on the summit of this granite hill. Soon joined by others, the community began to plant vines... A charming tale, but one that overlooks the fact that the hermitage owes only its name to the hermit: the vineyard has existed since ancient times with the famous wines of Vienne. "
28141,Jaboulet Hermitage La Chapelle (3 Liter Bottle) 1990,"Hermitage, Rhone, France",Red Wine,97,"Intense ruby red color, limpid and bright. Highly complex bouquet, distinguished nose, revealing the Syrah's great finesse. Black fruits, sweet spices and, ultimately, finely woody. Full and generous palate, silky tannins and a very long finish."
28378,Jean-Louis Chave Hermitage 2015,"Hermitage, Rhone, France",Red Wine,98,"Generally 100% destemmed, as the Hermitage is meant to be about the expression of the individual vineyards and soils and Jean Louis believes that stems have a tendency to level out the differences. Fermentation in wood tonneaux and stainless steel tanks. Aged in barriques for 30 months."
28648,Jim Barry The Armagh Shiraz 2002,"Clare Valley, South Australia, Australia",Red Wine,98,"Ripe, spicy and distinctive for its jazzy floral, peppery notes that weave through the solid blackberry and anise flavors. It all lingers impressively on the polished, generous finish."
28649,Jim Barry The Armagh Shiraz 2004,"Clare Valley, South Australia, Australia",Red Wine,98,"The 2004 Armagh is black-purple in color. It displays a nose of lifted, aromatic, blueberry/blackberry cassis, cedary oak, spice and complex, underlying savory characters. The palate is huge and dense, with fully integrated oak, yet still featuring complex fruits of plum, blackcurrant, blackberry and black cherry. It shows deep, brooding consistency, with the flavor and texture of chocolate mudcake. "
28655,Jim Barry The Armagh Shiraz 2016,"Clare Valley, South Australia, Australia",Red Wine,97,"The Armagh Shiraz has achieved extraordinary success and is regarded as one of Australia’s highest quality wines.The vineyard was named after the adjoining hamlet of Armagh, established by Irish settlers in 1849 and named after the lush rolling hills of their homeland. Jim Barry planted the 3.3 hectare vineyard in 1968 with Shiraz grapes."
28782,J.J. Prum Zeltinger Sonnenuhr Auslese Riesling 2017,"Mosel, Germany",White Wine,97,"Highly concentrated, yet light, vibrant wine. The fine botrytis is very well-structured. Great balance. The precise acidity plays charmingly with the wine's fruity aromas and flavors. Great aging potential. "
28894,Jonata La Sangre de Jonata 2010,"Santa Ynez Valley, Santa Barbara, Central Coast, California",Red Wine,97,"An explosively aromatic wine with jasmine, black pepper and hard blackberry candies. Though it is the most powerful of the Jonata reds in 2010, it also already strikes me as the most cohesive and complete at this stage. Unforgettable purity of fruit throughout and a remarkable weight on the palate. This wine boasts the most velvety midpalate of any Sangre to date. It flows across the palate with incredible energy and unmatched power. Seamless! The tannins build slowly at the start and form a formidable tower that will certainly reward cellaring. 2010 Sangre strikes me as a blend between the best aspects of the 2008 and 2009 Sangre in its combination of impenetrable black fruit, formidable extract and surprising brightness. "
28895,Jonata La Sangre de Jonata 2012,"Santa Ynez Valley, Santa Barbara, Central Coast, California",Red Wine,97,"Gamier and darker than the Todos at this stage. Truly lives up to its name. The 2012 is an exotic sangre with ripe fruit, pronounced black pepper, tar and truffle. Perfumed and powerful and equally impressive on the palate. Floods the mouth with densely packed black fruit. So much kinetic energy. Seamless travel across the palate. Even with the remarkable aromatic profile and mind-boggling density, it is the finish that leaves the lasting impression. Perfectly layered tannins slowly subside leaving nothing but subtle fruit and perfectly balanced acidity. Combination of the tension and massive proportions of its 2007 predecessor and the delicate cool climate notes of the ethereal 2010."
28930,Jorge Ordonez Number 4 Esencia (375ML half-bottle) 2004,Spain,Boutique,99,"Esencia is a unique wine that incorporates the raisined muscat grape.  After 24 months in barrel, we achieve a partial fermentation of the must.  Alois Kracher, through this wine, sought to convey the essence of the village of Almáchar, in the heart of the Axarquía, famous from time immemorial for its delicious muscat grapes and raisins.  "
29008,Joseph Drouhin Chambertin-Clos de Beze Grand Cru 2015,"Gevrey-Chambertin, Cote de Nuits, Cote d'Or, Burgundy, France",Red Wine,98,"A beautiful, intense ruby-red color. Powerful but refined aromas. When the wine is young, the aromas are reminiscent of black cherry and dark chocolate. With age, they evolve towards notes of undergrowth, truffle and liquorice. After 15 years or so, the aromas of candied fruit remain but are mingled with nuances of leather and musk. Tannins provide a good structure, perfectly balanced by the velvety texture of the wine. The long aftertaste brings back the aromas of cherry and liquorice: a kaleidoscope of sensations."
29009,Joseph Drouhin Chambertin-Clos de Beze Grand Cru 2016,"Gevrey-Chambertin, Cote de Nuits, Cote d'Or, Burgundy, France",Red Wine,98,"A beautiful, intense ruby-red color. Powerful but refined aromas. When the wine is young, the aromas are reminiscent of black cherry and dark chocolate. With age, they evolve towards notes of undergrowth, truffle and licorice. After 15 years or so, the aromas of candied fruit remain but are mingled with nuances of leather and musk. Tannins provide a good structure, perfectly balanced by the velvety texture of the wine. The long aftertaste brings back the aromas of cherry and licorice: a kaleidoscope of sensations."
29120,Joseph Phelps Backus Vineyard Cabernet Sauvignon (1.5 Liter Magnum) 2016,"Oakville, Napa Valley, California",Red Wine,98,"The 2016 vintage expresses rich red and dark fruit, fragrant violets, rose petals, graphite and black tea aromatics. A wine of great distinction, it melds power and structure with freshness and elegance in seamless layers of ultra-concentrated blueberry and black cherry with hints of baking spices and cassis to a lengthy finish."
29207,Joseph Phelps Insignia (1.5 Liter Magnum) 2015,"Napa Valley, California",Red Wine,97,"The 2015 Insignia is densely hued with rich dark fruit, cocoa powder and fragrant dried flower notes. Velvety texture and weight on the palate with layers of juicy black plum, Madagascar vanilla and bergamot. Bold, creamy and supple with integrated tannin structure and a lengthy finish."
29392,K Vintners Cattle King Syrah 2013,"Walla Walla Valley, Columbia Valley, Washington",Red Wine,98,"Power! Layers of licorice, black olive, meat, smoke, dark fruit, white and black pepper. Deep, concentrated and just awesome. This wine is rich, dense and delicious!"
29449,K Vintners The Beautiful Syrah 2012,"Walla Walla Valley, Columbia Valley, Washington",Red Wine,97,"Feminine, deep and compelling. First off a beautiful fragrance of black plum, exotic spice, toasted brioche. Luxurious and sexy with a palate anchored with crushed rock, wet earth and garrigue. Always beautiful."
29477,K Vintners Wells Syrah (1.5 Liter Magnum) 2006,"Walla Walla Valley, Columbia Valley, Washington",Red Wine,97,"Textbook K Syrah. Game, black olive, crushed stone and a bouquet of fresh flowers thrown in."
29483,Kaesler Old Bastard Shiraz 2005,"Barossa Valley, Barossa, South Australia, Australia",Red Wine,98,"""As good as the preceding wines may be, they pale in the shadow of the 2005 Shiraz ""Old Bastard"", sourced from a 114-year-old vineyard, and which spent 22 months in new and one-year-old French oak. It presents a superb perfume of cedar, violets, lavender, smoked meat, game, black raspberry, and blueberry. This leads to a voluptuous, velvety-textured, layered, super concentrated Shiraz in perfect balance with well-concealed tannins and a 60-second, pure finish. Give it 6-8 years and drink it through 2035. The Kaesler family, of Silesian origin, emigrated to the Barossa in the 1840s. The winemaking is in the hands of Reid Bosward and Stephen Dew."" - Wine Advocate"
29538,Kamen Estate Kashmir Cabernet Sauvignon 2012,"Sonoma Valley, Sonoma County, California",Red Wine,98,"This intensely aromatic wine sings from the glass with the perfumeof ripe blackberry, wild raspberries, roasted plums, dark chocolate,Christmas fruitcake, charcoal, wet stone and the exotic hint ofsandalwood. Sweet, lush fruit explodes on the palate. Concentratedand gripping yet ethereal and elegant. The wine’s expansive flavorprofile delivers lush layers, firm yet silky tannins and a monumentalfinish. Enjoy now or cellar over the next 30 years."
29603,Kapcsandy Family Winery Rapszodia 2012,"Yountville, Napa Valley, California",Red Wine,98,"A rich, ethereal style wine. Sweet tobacco, herbs, mint, licorice, new leather, smoke and incense are some of the many notes that flesh out in the Rapszodia. This is a wine built in pure elegance and finesse. The silky, gracious finish leaves a lasting impression."
29607,Kapcsandy Family Winery State Lane Cabernet Sauvignon Grand Vin 2005,"Yountville, Napa Valley, California",Red Wine,98,"Blend: 80% Cabernet Sauvignon, 14% Merlot, 6% Cabernet Franc,"
29619,Kapcsandy Family Winery State Lane Vineyard Roberta's Reserve 2008,"Yountville, Napa Valley, California",Red Wine,99,"Flagship Merlot-based wine from Kapcsandy Family, in part an homage to the exceptional wines of Pomerol, Bordeaux. From the finest parcels of Merlot on the estate and only 7% of our entire production."
29620,Kapcsandy Family Winery State Lane Vineyard Roberta's Reserve 2010,"Yountville, Napa Valley, California",Red Wine,97,"Blend: 95% Merlot, 5% Cabernet Franc "
29634,Kathryn Kennedy Santa Cruz Mountains Estate Cabernet Sauvignon 2012,"Santa Cruz Mountains, California",Red Wine,97,"After a series of cool and cold vintages, 2012 brought a warm and more typical growing season. The larger than normal crop load served only to usher a slow and long ripening. This new vintage surprises in its appeal as current drinking big scale Cabernet. It has a spectacular mouthfeel with a dense core of fruit and soil flavors all carried by an “on target” balance."
29640,Kay Brothers Block 6 Shiraz 1998,"McLaren Vale, South Australia, Australia",Red Wine,98,"Robust, rich and full flavored, displaying complex and varied fruit and spice characters with abundant fine tannins leading to a long lingering finish. "
29642,Kay Brothers Block 6 Shiraz 2001,"McLaren Vale, South Australia, Australia",Red Wine,98,"""Robust, rich and full flavoured, displaying complex and varied fruit and spice characters with abundant fine tannins leading to a long lingering finish. This vintage is very well structured and with further bottle age will become a wonderful mouth filling harmony. I am often asked how long this will take. It's about 7 years till the wine plateaus but it should live many years beyond with good cellaring but do watch the corks as some will last decades but more than likely most much less. I am looking forward to the day when we use the Stelvin screw cap closure rather than cork!""  "
29643,Kay Brothers Block 6 Shiraz 2004,"McLaren Vale, South Australia, Australia",Red Wine,98,"The Block 6 vineyard faces east and rows run north-south with vine spacing 12 feet between vines in row. Vines are cane and spur pruned with the canes wrapped on the top wire of the trellis. The present four acres comprises a corner of red loam, some heavy clay in the middle of the block and gravely alluvial soils on the lower side. The underlying geology consists of quartz, ironstone and some silty limestone. "
29685,Keenan Mernet Reserve (1.5 Liter Magnum) 2007,"Napa Valley, California",Red Wine,97,"2007 is our 9th consecutive vintage of ""Mernet"" (mare-nay), our proprietary marriage of Merlot and Cabernet. Each blend has been half Merlot and half Cabernet, but no two wines have had the same vineyard combinations. This year the Merlot half is equally split between the ""Mailbox Vineyard"" and the Carneros Merlot. The Cabernet half of the blend is all estate clone 7. The resulting wine is a seamless blend of the two varietals with an emphasis on high-toned sweet, delicious rich fruit with an almost hidden depth and structure to allow for indefinite aging. Enjoy now or decades from now."
29692,Keenan Mernet Reserve 2007,"Spring Mountain District, Napa Valley, California",Red Wine,97,"2007 is our 9th consecutive vintage of ""Mernet"" (mare-nay), our proprietary marriage of Merlot and Cabernet. Each blend has been half Merlot and half Cabernet, but no two wines have had the same vineyard combinations. This year the Merlot half is equally split between the ""Mailbox Vineyard"" and the Carneros Merlot. The Cabernet half of the blend is all estate clone 7. The resulting wine is a seamless blend of the two varietals with an emphasis on high-toned sweet, delicious rich fruit with an almost hidden depth and structure to allow for indefinite aging. Enjoy now or decades from now."
30137,Kilikanoon Attunga 1865 Shiraz 2005,"Clare Valley, South Australia, Australia",Red Wine,97,"Attunga 1865 Shiraz is a single vineyard, Clare Valley Shiraz made from some of Australia's oldest living vines. These 900 individual Shiraz vines, planted in Clare's ancient Terra Rossa soils, were established in 1865 before the phylloxera scourge which decimated the vines of Europe and the USA. "
30177,Kilikanoon Oracle Shiraz 2003,"Clare Valley, South Australia, Australia",Red Wine,97,"Intense, inky / crimson red with distinct youthful, purple hues. Lifted sweet plum and berry fruits. Hints of coffee, chocolate and menthol integrate and complex well with the spicy French oak. Palate is richly textured and flavoured, initial sweet plum and berry fruits integrated with the firm tannins and a smooth, alcohol finish. The palates natural acidity and subtle oak characters provide length, complexity and persistence."
30370,Kistler Vineyards Cuvee Cathleen Chardonnay 2006,"Sonoma Mountain, Sonoma Valley, Sonoma County, California",White Wine,98,"This vineyard produces one of our most complete and complex Chardonnays, and nears perfection on an annual basis."
30371,Kistler Vineyards Cuvee Cathleen Chardonnay 2007,"Sonoma Mountain, Sonoma Valley, Sonoma County, California",White Wine,97,"Produces one of our most complete and complex chardonnays, and nears perfection on an annual basis."
30395,Kistler Vineyards Hudson Chardonnay 2007,"Carneros, California",White Wine,97,"Sourced since 1994. Located in the southwestern reaches of Napa County, where a rare mix of volcanic and marine sediment soils meet to produce a wine of depth and elegance, often touched with high pitched tones of iodine, and an oyster shell like minerality."
30438,Kistler Vineyards Stone Flat Vineyard Chardonnay 2005,"Sonoma Coast, Sonoma County, California",White Wine,97,"Located in the western portion of Carneros, where the soils are driven by heavy river run cobble, but the air is dominated by afternoon winds from the Pacific. Produces a wine that strikes an impeccable balance between its minerality, its fruit reminiscent core and it's silken, persistent finish."
30525,Kongsgaard Chardonnay 2001,"Napa Valley, California",White Wine,98,"""An awesome effort, the 2001 Chardonnay may be this estate's finest Chardonnay to date.  Boasting profoundly intense notes of orage marmalade, minerals, lemon oil, and honeysuckle as well as great delineation for its massive size, this terrific Chardonnay tastes like a grand cru white Burgundy."""
30536,Kongsgaard Syrah 2005,"Napa Valley, California",Red Wine,98,"An exotic masterpiece with its dense smoky, gamey intensity and profoundly long finish. Its spiritual antecedent lies in the northern Rhone between the Cote-Rotie and Hermitage. "
30539,Kongsgaard The Judge Chardonnay 2007,"Napa Valley, California",White Wine,98,"Honeyed citrus and stony high notes lift the aroma, anticipating the palate, which explodes into an array of glorious impressions from peach and apricot to lemon rind to apple custard pie."
30573,Kosta Browne 4 Barrel Pinot Noir 2007,California,Red Wine,97,"Rich and filling. Complex with layers of berries, warm spices, rich ripe cherries and sweet lavender with a touch of spice. Intense and coating. The 2007 4-Barrel is expansive on the palate with many levels of fruit and currants. Traces of dark berry and ripe plum. A tremendously long and caressing finish."
30704,Kracher Chardonnay Trockenbeerenauslese #13 1998,"Burgenland, Austria",Collectible,97,"The 1998 Chardonnay Trockenbeerenauslese Nouvelle Vague Number 13 is Kracher's most concentrated wine from this vintage. Cedar, spices, apricots, and overripe peaches are displayed by thisfull-bodied, muscular offering. It is hugely dense, almost syrupy, with loads of jammy and jellied fruits in its round, sexy personality. This Rubenesque wine has untold quantities of fruit (mostly apricots), spices, and botrytis in its expressive, seamless flavorprofile. This harmonious, muscular and graceful wine will retain its fruit for at least 15 years, and will potentially age longer than anyone reading this article."
30705,Kracher Chardonnay Trockenbeerenauslese No 13 (375ml) 1998,"Burgenland, Austria",Collectible,97,"The 1998 Chardonnay Trockenbeerenauslese Nouvelle Vague Number 13 is Kracher's most concentrated wine from this vintage. Cedar, spices, apricots, and overripe peaches are displayed by this full-bodied, muscular offering. It is hugely dense, almost syrupy, with loads of jammy and jellied fruits in its round, sexy personality. This Rubenesque wine has untold quantities of fruit (mostly apricots), spices, and botrytis in its expressive, seamless flavor profile."
30721,Kracher Scheurebe Zwischen Den Seen Trockenbeerenauslese #9 (375ML half-bottle) 2000,"Burgenland, Austria",Collectible,97,"Medium gold. Fresh Muscat grape aromas on the nose, seductive exotic and floral notes with fresh kumquat. Spicy nutmeg and white pepper characters on the finish, leading to a long and pleasantly lingering aftertaste. Magnificent varietal character."
30728,Kracher Welschriesling Trockenbeerenauslese No. 11 (375ML half-bottle) 2002,"Burgenland, Austria",Collectible,98,"Rich golden-yellow tone. Intense aromas of herbed spice, a touch of smoke over nougat, subtle fig, apricot and honey. The palate is luscious and succulent with fruit-driven flavors of orange; intense and elegant, with complexity and concentration of fruit. Despite the spectrum of the technical data, the wine is exceptionally harmonious, with long development potential."
30744,Krug Clos d'Ambonnay 1995,"Champagne, France",Sparkling & Champagne,97,"""For 15 years, Champagne Krug has kept a secret. During that time, brothers Rémi and Henri Krug, the former managing director and winemaker, respectively, and Henri's son, Olivier Krug, the current managing director, dreamed about, developed, vinified and aged a new single-vineyard Champagne. The new wine, Clos d'Ambonnay 1995, has one of the highest-ever price tags of a newly released wine... "
30746,Krug Clos du Mesnil Blanc de Blancs 1986,"Champagne, France",Sparkling & Champagne,98,"The wine is characterized by crispness, freshness and vivacity allied to the rich nutty and honey notes of great Chardonnay wines. A Krug for fanatics of rarity."
30749,Krug Clos du Mesnil Blanc de Blancs 1990,"Champagne, France",Sparkling & Champagne,97,"The wine is characterized by crispness, freshness and vivacity allied to the rich nutty and honey notes of great Chardonnay wines. A Krug for fanatics of rarity."
30750,Krug Clos du Mesnil Blanc de Blancs 1995,"Champagne, France",Sparkling & Champagne,98,One of the rarest and most sought after bottlings of vintage Champagne in the world. The 1995 vintage was just released from the Krug cellars. 
30766,Krug Vintage Brut (1.5 Liter Magnum) 1990,"Champagne, France",Sparkling & Champagne,98,"Finally, the 1990 Krug is here!"
30767,Krug Vintage Brut (1.5 Liter Magnum) 1996,"Champagne, France",Sparkling & Champagne,99,"Krug 1996 is extraordinary indeed – an extreme, eccentric champagne that first caresses the senses with its rich aromas, firm texture and full, ripe flavours, then dramatically explodes into jubilant freshness. Rich, radiant gold illuminated by slender streams of bubbles, Krug 1996 already promises a masterful combination of maturity and acidity. Notes of fresh pear, candied lemon, ripe fruit, honey, gingerbread, and mocha can be detected."
30772,Krug Vintage Brut 1990,"Champagne, France",Sparkling & Champagne,98," Krug only produces a Vintage when a crop has exceptional characteristics and sufficiently interesting features. To create exceptional vintages, the Krug family selects those wines that best express the ""voice"" of the chosen year. Krug Vintage is like a concerto, a joint venture between the Krug style and the personality of a certain year. The year is the soloist but the orchestra remains Krug."
30780,Krug Vintage Brut (scuffed label) 1996,"Champagne, France",Sparkling & Champagne,98,"Krug 1996 is extraordinary indeed – an extreme, eccentric champagne that first caresses the senses with its rich aromas, firm texture and full, ripe flavours, then dramatically explodes into jubilant freshness. Rich, radiant gold illuminated by slender streams of bubbles, Krug 1996 already promises a masterful combination of maturity and acidity as its aromas tease the nose with the tartness of fresh pear and candied lemon, the roundness of ripe fruit and nougatine. Then, even as the taste buds are revelling in the smooth, mellow flavors of honey, gingerbread and mocha, this astounding champagne unleashes its exuberant crescendo of freshness that is at once totally unexpected and utterly Krug. "
30799,Krutz Family Cellars Stagecoach Vineyard Cabernet Sauvignon 2006,"Napa Valley, California",Red Wine,97,"From it's dense, saturated ruby hue to its earthy, cigar box nose, this Cab commands attention. Pure, focused flavors of black cherry, currant and tobacco while a mid palate of cedar spice vanilla and mocha linger in layers. All while framed with velvet like dusty tannins. "
31196,La Peira en Damaisela La Peira Terrasses du Larzac 2007,"Coteaux du Languedoc, Languedoc, South of France, France",Red Wine,98,"The La Peira has this enormity to it, and it has a great density to it. It feels quite monumental, but at the same time it has a contradiction to it; it’s a very elegant, ethereal. So that’s the La Pèira for me."
31417,La Vizcaina La Vitoriana Tinto 2018,"Bierzo, Spain",Red Wine,97,"La Vizcaina La Vitoriana offers aromas of reinette apple, ripe blackberries, light touches of pilonga chestnut, and a background of autumn earth, with points of black licorice and a balsamic finish. On the palate it is a very penetrating wine, structured, with subtle nuances of wood and a sweet and appetising finish. It is a wine with a long finish."
31529,Lail Georgia Sauvignon Blanc 2015,"Yountville, Napa Valley, California",White Wine,97,"The Georgia Sauvignon Blanc is fermented and aged in all new French oak for 18 months before being bottled. Offering unprecedented depth and complexity, amazing texture and a long finish."
31536,Lail J. Daniel Cuvee Cabernet Sauvignon (1.5 Liter Magnum) 2013,"Napa Valley, California",Red Wine,99,"The 2013 growing season could be the equal of (or even superior to) the 2012, considered by many as a perfect season. This J. Daniel Cuvée is 100% Cabernet Sauvignon, showing off the power and purity of the vintage. Dense, extracted and intense, it has aromas and flavors of blackberry, boysenberry, crème de cassis, and dark chocolate. This may be the greatest J. Daniel Cuvée ever made, truly one for the ages."
31538,Lail J. Daniel Cuvee Cabernet Sauvignon 2013,"Napa Valley, California",Red Wine,99,"The 2013 growing season could be the equal of (or even superior to) the 2012, considered by many as a perfect season. This J. Daniel Cuvée is 100% Cabernet Sauvignon, showing off the power and purity of the vintage. Dense, extracted and intense, it has aromas and flavors of blackberry, boysenberry, crème de cassis, and dark chocolate. This may be the greatest J. Daniel Cuvée ever made, truly one for the ages."
31540,Lail J. Daniel Cuvee Cabernet Sauvignon 2015,"Napa Valley, California",Red Wine,98,"The 2015 vintage yielded a small crop of exceptional quality fruit. The 2015 J. Daniel Cuvée reflects this, with its modern Napa Valley ripeness coupled with classic varietal characteristics and structure. Black fruits are on full display in the aromas and flavors, including blackberry, black raspberry, black cherry, boysenberry, and black currant berry (cassis). The texture is creamy, elegant, regal and rich, with fine tannins lingering on a fabulously long finish. This is a wonderful vintage for J. Daniel Cuvée —Philippe Melka, Winemaker"
31620,Lancaster Cabernet Sauvignon (375ML half-bottle) 2004,"Sonoma County, California",Red Wine,97,"""Its a gorgeous Cab, softly complex, rich in cassis, cherry, spice and oak flavors anchored with warm, earthy tannins. In fact, the earthiness stands it in good contrast to the Napa Valley, making it wholesome and complete."""
31623,Lancaster Estate Cabernet Sauvignon 2004,"Sonoma County, California",Red Wine,97,"""Its a gorgeous Cab, softly complex, rich in cassis, cherry, spice and oak flavors anchored with warm, earthy tannins. In fact, the earthiness stands it in good contrast to the Napa Valley, making it wholesome and complete."""
31730,Langmeil The Freedom 1843 Shiraz 2016,"Barossa Valley, Barossa, South Australia, Australia",Red Wine,97,"Deep crimson with purple hues. An intense aroma of ripe Satsuma plum, mocha, vanilla and savory notes combine with hints of cedar and sweet spices. Rich, sweet fruit is balanced wonderfully with briary and sweet spices and lovely, silky tannins. A full-bodied, textured wine, showing great complexity with hints of cedar and allspice flowing through to the lengthy, brambly fruit finish."
31873,Larkmead LMV Salon 2004,"Napa Valley, California",Red Wine,98,Bright ruby-purple. Explosively aromatic high notes of wild berries and violet with a smoky-mocha edge. The palate is powerfully rich yet supple and lively and features saturated cassis and blackberry fruit with the classic gravel-mineral-graphite character of the vineyard. The broad voluptuous tannins are completely integrated with the fruit and allow the wine to progress gracefully along the palate and finish with a hint of developing truffle complexity and sweet tobacco. Decant for an hour in its youth to experience the wine’s full range of flavors.
31876,Larkmead LMV Salon 2007,"Napa Valley, California",Red Wine,97,"Deep ruby red/purple color. Beautifully fragrant nose of redcurrant and black cherry with fresh mint, violet and light balsamic background notes. Opens to blackcurrant, cocoa powder and graphite with a hint of bay leaf. Initially tight and youthful palate, with aeration pure cassis and kirsch flavors emerge with forest floor, wood smoke and tobacco side notes. Maintains great mineral freshness despite its natural concentration and power. Firm tannic backbone provides great aging potential."
31882,Larkmead Solari Cabernet Sauvignon (1.5 Liter Magnum) 2005,"Napa Valley, California",Red Wine,99,"Deep ruby/purple color. Powerfully intense aromas of blackberry,sweet mint and sage rounded out by dusty cocoa and the vineyard’s signature profile of wet rocks/gravel. Rich black fruits dominate the palate with cassis and blackberry leading to a textured, voluptuous mid palate and then rich, broad envelopingtannins. The wine finishes long with a burst of dark cherry sweetness."
31884,Larkmead Solari Cabernet Sauvignon 2005,"Napa Valley, California",Red Wine,99,"Deep ruby/purple color. Powerfully intense aromas of blackberry,sweet mint and sage rounded out by dusty cocoa and the vineyard’s signature profile of wet rocks/gravel. Rich black fruits dominate the palate with cassis and blackberry leading to a textured, voluptuous mid palate and then rich, broad envelopingtannins. The wine finishes long with a burst of dark cherry sweetness."
31885,Larkmead Solari Cabernet Sauvignon 2007,"Napa Valley, California",Red Wine,97,Bright ruby/purple. Explosively aromatic high notes of wild berries and violet with a smoky-mocha edge. The palate is powerfully rich yet supple and lively and features saturated cassis and blackberry fruit with the classic gravel-mineral-graphite character of the vineyard. The broad voluptuous tannins are completely integrated with the fruit and allow the wine to progress gracefully along the palate and finish with a hint of developing truffle complexity and sweet tobacco. 
31887,Larkmead Solari Cabernet Sauvignon 2014,"Napa Valley, California",Red Wine,99,"There is uniqueness to Solari that cannot be found anywhere else on the Larkmead estate. The bouquet is almost dense,and builds with each swirl of the glass. From blackberry jamto purple flowers, the aromas swell slowly, drawing you inwith their momentum."
32038,L'Aventure Chloe 2014,"Paso Robles, Central Coast, California",Red Wine,97,"Blend: 67% Syrah, 33% Old Vine Grenache "
32046,L'Aventure Estate Cuvee 2004,"Paso Robles, Central Coast, California",Red Wine,98,"This wonderfully ""juicy"" 2004 Estate Cuvee is unique in that a percentage of the blend was ""co–fermented,"" due to the fact that all three of the varieties that comprise Estate Cuvee - Cabernet Sauvignon, Syrah, and Petit Verdot - arrived at maturity simultaneously. For the first time in his 24 years as a wine maker, Stephan saw these grapes fermenting in the same tank. The result is a seamless, complex work of art. Fresh aromas of plums, macerated blackberries, and blueberries in the nose, and dark, intense fruit on the palate. The mouth and lengthy finish are made more complex by hints of leather, tar, and tobacco leaf. An augmentation of Petit Verdot puts the 2004 on the classic track of the 2001 vintage."
32048,L'Aventure Estate Cuvee 2006,"Paso Robles, Central Coast, California",Red Wine,97,"""A thrilling, nearly perfect efforts is the 2006 Estate Cuvee. A blend of 49% Syrah, 37% Cabernet Sauvignon, and 4% Petit Verdot, the 2006 Estate Cuvee may be even better. Tasting like a superb example of a premier grand cru St.-Emilion made from California-s limestone soils, it exhibits a dense purple color as well as a perfume of sweet creme de cassis, fruitcake, licorice, incense, tobacco leaf, and spice box. A voluptuous texture, fabulous opulence, and thrilling concentration as well as purity make for a prodigious example of blended red wine that will provide enormous pleasure and complexity for 12-15+ years."
32053,L'Aventure Estate Cuvee 2013,"Central Coast, California",Red Wine,97,"The most densely colored of all wines in a vintage of great extraction; Estate Cuvee exhibits a powerful perfume of anise, lavender candies, and dark fruit, with smoky accents in the background. The attack isimpressive, with a velvety mouth feel from start to finish. Rich, robust blue and black fruit, with hints of cocoa,big, but with soft resolved tannins, give a ""total"" palate experience in the finish."
32054,L'Aventure Estate Cuvee 2012,"Paso Robles, Central Coast, California",Red Wine,98,"The most densely colored of all wines in a vintage of great extraction; Estate Cuvée 2012 exhibits a powerful perfume of anise, lavender candies, and dark fruit, with smoky accents in the background. The attack is impressive, with a velvety mouth feel from start to finish. Rich, robust blue and black fruit, with hints of cocoa, big, but with soft resolved tannins, give a ""total"" palate experience in the finish. "
32055,L'Aventure Estate Cuvee 2014,"Central Coast, California",Red Wine,98,"Blend: 50% Cabernet Sauvignon, 35% Syrah, 15% Petit Verdot"
32056,L'Aventure Estate Cuvee 2016,"Paso Robles, Central Coast, California",Red Wine,99,"Blend: 52% Syrah, 32% Cabernet Sauvignon, 16% Petit Verdot"
32155,Le Dome 2016,"St. Emilion, Bordeaux, France",Red Wine,98,"Blend: 80% Cabernet Franc, 20% Merlot"
32461,Leeuwin Estate Art Series Chardonnay 2001,"Margaret River, Western Australia, Australia",White Wine,98,Number 24 on 
32613,Leonetti Reserve 2005,"Walla Walla Valley, Columbia Valley, Washington",Red Wine,97,"Having a beautiful saturated color, the wine's nose is enchanting ith a complex potpourri of rich, ripe sweet black fruits, plum, and spicebox with hints of beautiful herbs de Provence. The palate of the wine is structured with fine-grained smooth tannins and notes of mineral, creme cassis, and finishes very long with monumental purity. "
32706,Lewelling Wight Vineyard Cabernet Sauvignon 2008,"Napa Valley, California",Red Wine,98,"Sumptuous aromas of blackberry, cassis, Bing cherry and spice mixed with highlights of tobacco, cedar, vanilla and anise. Concentrated black plum, black cherry, and cassis flavors; allspice, dark cocoa, juniper and sweet smoke; exceptional depth and complexity; multi-layered richness; mouthfilling, velvety tannins and a lingering finish."
32707,Lewelling Wight Vineyard Cabernet Sauvignon 2007,"St. Helena, Napa Valley, California",Red Wine,98,"An enticing mix of black fruit, tobacco and toasty oak aromas mingled with highlights of vanilla, cedar and licorice.  Concentrated black cherry, cassis, blueberry pie and espresso flavors; sweet smoke, anise and cedar; mouth-filling complexity and layered richness; dense but polished tannins and a very long finish."
